first_character,second_character,season,relative_pairity
Agency Guy,Chandler Bing,10,0.0136986301369863
Agency Guy,Erica,10,0.0136986301369863
Agency Guy,Monica Geller,10,0.0136986301369863
Alice Knight,Chandler Bing,3,0.0028735632183908046
Alice Knight,Chandler Bing,4,0.005934718100890208
Alice Knight,Chandler Bing,5,0.003215434083601286
Alice Knight,Dr. Harad,5,0.003215434083601286
Alice Knight,Frank Buffay Jr.,3,0.005747126436781609
Alice Knight,Frank Buffay Jr.,4,0.01483679525222552
Alice Knight,Frank Buffay Jr.,5,0.003215434083601286
Alice Knight,Joey Tribbiani,3,0.0028735632183908046
Alice Knight,Joey Tribbiani,4,0.005934718100890208
Alice Knight,Monica Geller,3,0.0028735632183908046
Alice Knight,Monica Geller,4,0.005934718100890208
Alice Knight,Monica Geller,5,0.003215434083601286
Alice Knight,Phoebe Abbott,4,0.002967359050445104
Alice Knight,Phoebe Buffay,3,0.008620689655172414
Alice Knight,Phoebe Buffay,4,0.017804154302670624
Alice Knight,Phoebe Buffay,5,0.003215434083601286
Alice Knight,Rachel Green,3,0.0028735632183908046
Alice Knight,Rachel Green,4,0.005934718100890208
Alice Knight,Rachel Green,5,0.003215434083601286
Alice Knight,Ross Geller,3,0.0028735632183908046
Alice Knight,Ross Geller,4,0.002967359050445104
Allesandro,Monica Geller,4,0.008902077151335312
Allesandro,Phoebe Buffay,4,0.002967359050445104
Amanda Buffamonteezi,Chandler Bing,10,0.0091324200913242
Amanda Buffamonteezi,Joey Tribbiani,10,0.0045662100456621
Amanda Buffamonteezi,Monica Geller,10,0.0182648401826484
Amanda Buffamonteezi,Phoebe Buffay,10,0.0182648401826484
Amanda Buffamonteezi,Rachel Green,10,0.0045662100456621
Amy Green,Chandler Bing,9,0.0033112582781456954
Amy Green,Chandler Bing,10,0.0091324200913242
Amy Green,Charlie Wheeler,10,0.0045662100456621
Amy Green,Joey Tribbiani,9,0.0033112582781456954
Amy Green,Joey Tribbiani,10,0.0228310502283105
Amy Green,Monica Geller,9,0.0033112582781456954
Amy Green,Monica Geller,10,0.0091324200913242
Amy Green,Phoebe Buffay,9,0.0033112582781456954
Amy Green,Phoebe Buffay,10,0.0045662100456621
Amy Green,Rachel Green,9,0.0033112582781456954
Amy Green,Rachel Green,10,0.0365296803652968
Amy Green,Ross Geller,9,0.0033112582781456954
Amy Green,Ross Geller,10,0.0182648401826484
Andrea Waltham,Chandler Bing,4,0.01483679525222552
Andrea Waltham,Chandler Bing,5,0.006430868167202572
Andrea Waltham,Emily Waltham,4,0.008902077151335312
Andrea Waltham,Emily Waltham,5,0.003215434083601286
Andrea Waltham,Jack Geller,4,0.008902077151335312
Andrea Waltham,Jack Geller,5,0.003215434083601286
Andrea Waltham,Joey Tribbiani,4,0.011869436201780416
Andrea Waltham,Joey Tribbiani,5,0.003215434083601286
Andrea Waltham,Judy Geller,4,0.011869436201780416
Andrea Waltham,Judy Geller,5,0.003215434083601286
Andrea Waltham,Minister,4,0.002967359050445104
Andrea Waltham,Monica Geller,4,0.01483679525222552
Andrea Waltham,Monica Geller,5,0.006430868167202572
Andrea Waltham,Phoebe Buffay,4,0.008902077151335312
Andrea Waltham,Phoebe Buffay,5,0.003215434083601286
Andrea Waltham,Rachel Green,4,0.008902077151335312
Andrea Waltham,Rachel Green,5,0.006430868167202572
Andrea Waltham,Ross Geller,4,0.017804154302670624
Andrea Waltham,Ross Geller,5,0.006430868167202572
Andrea Waltham,Stephen Waltham,4,0.01483679525222552
Andrea Waltham,Stephen Waltham,5,0.006430868167202572
Angela Delveccio,Chandler Bing,1,0.003076923076923077
Angela Delveccio,Joey Tribbiani,1,0.009230769230769232
Angela Delveccio,Monica Geller,1,0.012307692307692308
Angela Delveccio,Phoebe Buffay,1,0.003076923076923077
Angela Delveccio,Rachel Green,1,0.003076923076923077
Angela Delveccio,Ross Geller,1,0.003076923076923077
Assistant,Ross Geller,10,0.0045662100456621
Aurora,Chandler Bing,1,0.009230769230769232
Aurora,Joey Tribbiani,1,0.006153846153846154
Aurora,Monica Geller,1,0.006153846153846154
Aurora,Phoebe Buffay,1,0.006153846153846154
Aurora,Rachel Green,1,0.003076923076923077
Aurora,Ross Geller,1,0.006153846153846154
Barry Farber,Bobby Rush,1,0.003076923076923077
Barry Farber,Mindy Hunter,1,0.003076923076923077
Barry Farber,Mindy Hunter,2,0.0034129692832764505
Barry Farber,Monica Geller,2,0.0034129692832764505
Barry Farber,Rachel Green,1,0.018461538461538463
Barry Farber,Rachel Green,2,0.006825938566552901
Barry Farber,Rachel Green,6,0.0028653295128939827
Barry Farber,Richard Burke,2,0.0034129692832764505
Barry Farber,Ross Geller,1,0.003076923076923077
Barry Farber,Ross Geller,2,0.006825938566552901
Ben Geller,Carol Willick,2,0.0034129692832764505
Ben Geller,Carol Willick,5,0.003215434083601286
Ben Geller,Carol Willick,6,0.0028653295128939827
Ben Geller,Carol Willick,7,0.006024096385542169
Ben Geller,Chandler Bing,5,0.006430868167202572
Ben Geller,Chandler Bing,7,0.009036144578313253
Ben Geller,Chandler Bing,9,0.0033112582781456954
Ben Geller,Joey Tribbiani,3,0.0028735632183908046
Ben Geller,Joey Tribbiani,5,0.006430868167202572
Ben Geller,Joey Tribbiani,7,0.0030120481927710845
Ben Geller,Monica Geller,3,0.005747126436781609
Ben Geller,Monica Geller,5,0.003215434083601286
Ben Geller,Monica Geller,7,0.006024096385542169
Ben Geller,Monica Geller,9,0.0033112582781456954
Ben Geller,Phoebe Buffay,3,0.005747126436781609
Ben Geller,Phoebe Buffay,5,0.006430868167202572
Ben Geller,Phoebe Buffay,7,0.006024096385542169
Ben Geller,Phoebe Buffay,8,0.003472222222222222
Ben Geller,Rachel Green,2,0.0034129692832764505
Ben Geller,Rachel Green,3,0.005747126436781609
Ben Geller,Rachel Green,5,0.003215434083601286
Ben Geller,Rachel Green,7,0.018072289156626505
Ben Geller,Ross Geller,2,0.0034129692832764505
Ben Geller,Ross Geller,3,0.0028735632183908046
Ben Geller,Ross Geller,5,0.006430868167202572
Ben Geller,Ross Geller,6,0.0028653295128939827
Ben Geller,Ross Geller,7,0.02108433734939759
Ben Geller,Ross Geller,9,0.0033112582781456954
Ben Geller,Susan Bunch,2,0.0034129692832764505
Ben Geller,The Teacher,8,0.003472222222222222
Benjamin Hobart,Charlie Wheeler,10,0.0091324200913242
Benjamin Hobart,Ross Geller,10,0.0182648401826484
Big Bully,Chandler Bing,2,0.013651877133105802
Big Bully,Gunther,2,0.0034129692832764505
Big Bully,Little Bully,2,0.013651877133105802
Big Bully,Ross Geller,2,0.013651877133105802
Billy,Chandler Bing,3,0.0028735632183908046
Billy,Joey Tribbiani,3,0.0028735632183908046
Billy,Monica Geller,3,0.0028735632183908046
Billy,Phoebe Buffay,3,0.0028735632183908046
Billy,Rachel Green,3,0.0028735632183908046
Billy,Ross Geller,3,0.0028735632183908046
Bitsy Hannigan,Mike Hannigan,9,0.013245033112582781
Bitsy Hannigan,Phoebe Buffay,9,0.013245033112582781
Bob (Chandler's coworker),Chandler Bing,8,0.017361111111111112
Bob (Chandler's coworker),Ross Geller,8,0.003472222222222222
Bobby Rush,Chandler Bing,1,0.003076923076923077
Bobby Rush,Chandler Bing,2,0.013651877133105802
Bobby Rush,David,1,0.003076923076923077
Bobby Rush,Janice Litman Goralnik,1,0.003076923076923077
Bobby Rush,Joey Tribbiani,1,0.003076923076923077
Bobby Rush,Joey Tribbiani,2,0.010238907849829351
Bobby Rush,Max,1,0.003076923076923077
Bobby Rush,Monica Geller,1,0.003076923076923077
Bobby Rush,Monica Geller,2,0.017064846416382253
Bobby Rush,Phoebe Buffay,1,0.003076923076923077
Bobby Rush,Phoebe Buffay,2,0.013651877133105802
Bobby Rush,Rachel Green,1,0.006153846153846154
Bobby Rush,Rachel Green,2,0.013651877133105802
Bobby Rush,Ross Geller,1,0.003076923076923077
Bobby Rush,Ross Geller,2,0.010238907849829351
Bobby Rush,Russ,2,0.006825938566552901
Bobby Rush,Sandy,1,0.003076923076923077
Bobby Rush,Waiter,2,0.0034129692832764505
Bonnie,Chandler Bing,3,0.017241379310344827
Bonnie,Joey Tribbiani,3,0.014367816091954023
Bonnie,Monica Geller,3,0.008620689655172414
Bonnie,Phoebe Buffay,3,0.014367816091954023
Bonnie,Rachel Green,3,0.020114942528735632
Bonnie,Rachel Green,4,0.002967359050445104
Bonnie,Ross Geller,3,0.017241379310344827
Bonnie,Ross Geller,4,0.002967359050445104
Both,Chandler Bing,1,0.006153846153846154
Both,Chandler Bing,2,0.010238907849829351
Both,Chandler Bing,4,0.005934718100890208
Both,Chandler Bing,5,0.003215434083601286
Both,Chandler Bing,8,0.003472222222222222
Both,Chandler Bing,10,0.0045662100456621
Both,Charlie Wheeler,10,0.0045662100456621
Both,Doctor,2,0.0034129692832764505
Both,Doug,5,0.003215434083601286
Both,Gunther,4,0.002967359050445104
Both,Joey Tribbiani,1,0.006153846153846154
Both,Joey Tribbiani,2,0.010238907849829351
Both,Joey Tribbiani,4,0.008902077151335312
Both,Joey Tribbiani,8,0.003472222222222222
Both,Joey Tribbiani,10,0.0045662100456621
Both,Judy Geller,2,0.0034129692832764505
Both,Luisa Gianetti,1,0.003076923076923077
Both,Monica Geller,1,0.003076923076923077
Both,Monica Geller,2,0.006825938566552901
Both,Monica Geller,4,0.005934718100890208
Both,Monica Geller,5,0.003215434083601286
Both,Monica Geller,10,0.0045662100456621
Both,Phoebe Buffay,1,0.003076923076923077
Both,Phoebe Buffay,2,0.0034129692832764505
Both,Phoebe Buffay,4,0.005934718100890208
Both,Phoebe Buffay,10,0.0045662100456621
Both,Rachel Green,1,0.003076923076923077
Both,Rachel Green,2,0.0034129692832764505
Both,Rachel Green,4,0.005934718100890208
Both,Rachel Green,10,0.0136986301369863
Both,Receptionist,1,0.003076923076923077
Both,Ross Geller,1,0.006153846153846154
Both,Ross Geller,2,0.006825938566552901
Both,Ross Geller,8,0.003472222222222222
Both,Ross Geller,10,0.0136986301369863
Both,Stephanie Schiffer,2,0.0034129692832764505
Both,Terry,2,0.0034129692832764505
Both,The Interviewer,8,0.003472222222222222
Brenda,Chandler Bing,8,0.006944444444444444
Brenda,Monica Geller,8,0.010416666666666666
Brenda,Rachel Green,8,0.003472222222222222
Caitlin,Chandler Bing,5,0.00964630225080386
Caitlin,Joey Tribbiani,5,0.006430868167202572
Caitlin,Monica Geller,5,0.006430868167202572
Caitlin,Phoebe Buffay,5,0.006430868167202572
Caitlin,Rachel Green,5,0.00964630225080386
Caitlin,Ross Geller,5,0.00964630225080386
Carol Willick,Chandler Bing,1,0.012307692307692308
Carol Willick,Chandler Bing,2,0.013651877133105802
Carol Willick,Chandler Bing,3,0.0028735632183908046
Carol Willick,Chandler Bing,5,0.003215434083601286
Carol Willick,Dr. Franzblau,1,0.012307692307692308
Carol Willick,Emily Waltham,4,0.005934718100890208
Carol Willick,Joey Tribbiani,1,0.006153846153846154
Carol Willick,Joey Tribbiani,2,0.013651877133105802
Carol Willick,Joey Tribbiani,3,0.0028735632183908046
Carol Willick,Joey Tribbiani,5,0.012861736334405145
Carol Willick,Minister,2,0.0034129692832764505
Carol Willick,Monica Geller,1,0.009230769230769232
Carol Willick,Monica Geller,2,0.017064846416382253
Carol Willick,Monica Geller,3,0.008620689655172414
Carol Willick,Nurse Sizemore,1,0.006153846153846154
Carol Willick,Phoebe Buffay,1,0.009230769230769232
Carol Willick,Phoebe Buffay,2,0.010238907849829351
Carol Willick,Phoebe Buffay,3,0.0028735632183908046
Carol Willick,Phoebe Buffay,5,0.003215434083601286
Carol Willick,Rachel Green,1,0.015384615384615385
Carol Willick,Rachel Green,2,0.006825938566552901
Carol Willick,Rachel Green,3,0.0028735632183908046
Carol Willick,Rachel Green,7,0.006024096385542169
Carol Willick,Ross Geller,1,0.04923076923076923
Carol Willick,Ross Geller,2,0.030716723549488054
Carol Willick,Ross Geller,3,0.014367816091954023
Carol Willick,Ross Geller,4,0.008902077151335312
Carol Willick,Ross Geller,5,0.012861736334405145
Carol Willick,Ross Geller,6,0.008595988538681949
Carol Willick,Ross Geller,7,0.0030120481927710845
Carol Willick,Susan Bunch,1,0.04
Carol Willick,Susan Bunch,2,0.023890784982935155
Carol Willick,Susan Bunch,3,0.005747126436781609
Carol Willick,Susan Bunch,4,0.005934718100890208
Carol Willick,Susan Bunch,6,0.0028653295128939827
Carol Willick,Teacher,1,0.006153846153846154
Carol Willick,The Casting Director,5,0.006430868167202572
Carol Willick,Woman,1,0.003076923076923077
Cassie Geller,Chandler Bing,7,0.0030120481927710845
Cassie Geller,Monica Geller,7,0.0030120481927710845
Cassie Geller,Phoebe Buffay,7,0.0030120481927710845
Cassie Geller,Ross Geller,7,0.009036144578313253
Cecilia,Dina,7,0.009036144578313253
Cecilia,Joey Tribbiani,7,0.015060240963855422
Cecilia,Monica Geller,7,0.0030120481927710845
Cecilia,Rachel Green,7,0.0030120481927710845
Cecilia,The Director,7,0.006024096385542169
Chandler Bing,Charlie Wheeler,9,0.026490066225165563
Chandler Bing,Charlie Wheeler,10,0.0136986301369863
Chandler Bing,Cheryl,4,0.002967359050445104
Chandler Bing,Chloe,3,0.005747126436781609
Chandler Bing,Cop,5,0.003215434083601286
Chandler Bing,Customer,1,0.006153846153846154
Chandler Bing,Customer,6,0.0028653295128939827
Chandler Bing,Dana Keystone,6,0.0057306590257879654
Chandler Bing,Danny,5,0.006430868167202572
Chandler Bing,David,1,0.006153846153846154
Chandler Bing,David,9,0.016556291390728478
Chandler Bing,Doctor,2,0.0034129692832764505
Chandler Bing,Doctor,10,0.0091324200913242
Chandler Bing,Don,8,0.006944444444444444
Chandler Bing,Doug,3,0.011494252873563218
Chandler Bing,Doug,5,0.00964630225080386
Chandler Bing,Doug,8,0.010416666666666666
Chandler Bing,Dr. Drake Ramoray,2,0.006825938566552901
Chandler Bing,Dr. Drake Ramoray,9,0.0033112582781456954
Chandler Bing,Dr. Franzblau,1,0.006153846153846154
Chandler Bing,Dr. Harad,5,0.012861736334405145
Chandler Bing,Dr. Mitchell,1,0.003076923076923077
Chandler Bing,Eddie Menuek,2,0.04436860068259386
Chandler Bing,Elizabeth Stevens,6,0.0057306590257879654
Chandler Bing,Emily Waltham,4,0.026706231454005934
Chandler Bing,Emily Waltham,5,0.012861736334405145
Chandler Bing,Eric,8,0.006944444444444444
Chandler Bing,Erica,10,0.0547945205479452
Chandler Bing,Erica Ford,2,0.006825938566552901
Chandler Bing,Estelle Leonard,3,0.0028735632183908046
Chandler Bing,Estelle Leonard,6,0.0028653295128939827
Chandler Bing,Estelle Leonard,8,0.003472222222222222
Chandler Bing,Estelle Leonard,10,0.0045662100456621
Chandler Bing,Frank Buffay Jr.,2,0.0034129692832764505
Chandler Bing,Frank Buffay Jr.,3,0.005747126436781609
Chandler Bing,Frank Buffay Jr.,4,0.002967359050445104
Chandler Bing,Frank Buffay Jr.,5,0.012861736334405145
Chandler Bing,Frank Buffay Jr.,10,0.0045662100456621
Chandler Bing,Frank Buffay Sr.,5,0.003215434083601286
Chandler Bing,Gary,5,0.04180064308681672
Chandler Bing,Gary,7,0.0030120481927710845
Chandler Bing,Gavin Mitchell,9,0.0033112582781456954
Chandler Bing,Ginger,3,0.008620689655172414
Chandler Bing,Girl,8,0.003472222222222222
Chandler Bing,Gunther,2,0.010238907849829351
Chandler Bing,Gunther,3,0.034482758620689655
Chandler Bing,Gunther,4,0.02373887240356083
Chandler Bing,Gunther,5,0.012861736334405145
Chandler Bing,Gunther,6,0.011461318051575931
Chandler Bing,Gunther,7,0.0030120481927710845
Chandler Bing,Gunther,8,0.010416666666666666
Chandler Bing,Gunther,9,0.0033112582781456954
Chandler Bing,Gunther,10,0.0045662100456621
Chandler Bing,Guru Saj,3,0.0028735632183908046
Chandler Bing,Guy,1,0.003076923076923077
Chandler Bing,Guy,2,0.006825938566552901
Chandler Bing,Guy,3,0.0028735632183908046
Chandler Bing,Guy,7,0.0030120481927710845
Chandler Bing,Helena,7,0.009036144578313253
Chandler Bing,Interviewer,6,0.0028653295128939827
Chandler Bing,Interviewer,9,0.0033112582781456954
Chandler Bing,Issac,3,0.005747126436781609
Chandler Bing,Jack Geller,4,0.01483679525222552
Chandler Bing,Jack Geller,5,0.012861736334405145
Chandler Bing,Jack Geller,6,0.0057306590257879654
Chandler Bing,Jack Geller,7,0.030120481927710843
Chandler Bing,Jack Geller,8,0.010416666666666666
Chandler Bing,Jack Geller,9,0.016556291390728478
Chandler Bing,Jack Geller,10,0.0091324200913242
Chandler Bing,Jade,2,0.013651877133105802
Chandler Bing,Janice Litman Goralnik,1,0.027692307692307693
Chandler Bing,Janice Litman Goralnik,2,0.006825938566552901
Chandler Bing,Janice Litman Goralnik,3,0.02586206896551724
Chandler Bing,Janice Litman Goralnik,4,0.01483679525222552
Chandler Bing,Janice Litman Goralnik,6,0.0057306590257879654
Chandler Bing,Janice Litman Goralnik,7,0.009036144578313253
Chandler Bing,Janice Litman Goralnik,8,0.003472222222222222
Chandler Bing,Janice Litman Goralnik,9,0.006622516556291391
Chandler Bing,Janice Litman Goralnik,10,0.0136986301369863
Chandler Bing,Janine Lecroix,6,0.022922636103151862
Chandler Bing,Jean-Claude Van Damme,2,0.0034129692832764505
Chandler Bing,Jill Goodacre,1,0.018461538461538463
Chandler Bing,Jill Green,6,0.0057306590257879654
Chandler Bing,Jill Green,8,0.003472222222222222
Chandler Bing,Joanna,3,0.005747126436781609
Chandler Bing,Joanna,4,0.008902077151335312
Chandler Bing,Joey Tribbiani,1,0.41846153846153844
Chandler Bing,Joey Tribbiani,2,0.38566552901023893
Chandler Bing,Joey Tribbiani,3,0.2959770114942529
Chandler Bing,Joey Tribbiani,4,0.34718100890207715
Chandler Bing,Joey Tribbiani,5,0.3858520900321543
Chandler Bing,Joey Tribbiani,6,0.2808022922636103
Chandler Bing,Joey Tribbiani,7,0.1897590361445783
Chandler Bing,Joey Tribbiani,8,0.21180555555555555
Chandler Bing,Joey Tribbiani,9,0.17549668874172186
Chandler Bing,Joey Tribbiani,10,0.2557077625570776
Chandler Bing,Joey Tribbiani Sr.,1,0.009230769230769232
Chandler Bing,Joshua Burgin,4,0.008902077151335312
Chandler Bing,Judy Geller,1,0.006153846153846154
Chandler Bing,Judy Geller,2,0.006825938566552901
Chandler Bing,Judy Geller,4,0.01483679525222552
Chandler Bing,Judy Geller,5,0.01607717041800643
Chandler Bing,Judy Geller,6,0.0057306590257879654
Chandler Bing,Judy Geller,7,0.02108433734939759
Chandler Bing,Judy Geller,8,0.006944444444444444
Chandler Bing,Judy Geller,10,0.0091324200913242
Chandler Bing,Julie,2,0.034129692832764506
Chandler Bing,Kathy,4,0.04747774480712166
Chandler Bing,Katie,5,0.003215434083601286
Chandler Bing,Kim,5,0.003215434083601286
Chandler Bing,Kristen Leigh,7,0.0030120481927710845
Chandler Bing,Laura,10,0.0091324200913242
Chandler Bing,Lauren,3,0.0028735632183908046
Chandler Bing,Lauren,8,0.003472222222222222
Chandler Bing,Leonard Green,2,0.013651877133105802
Chandler Bing,Leslie,1,0.003076923076923077
Chandler Bing,Leslie,3,0.0028735632183908046
Chandler Bing,Little Bully,2,0.013651877133105802
Chandler Bing,Luisa Gianetti,1,0.003076923076923077
Chandler Bing,Lydia,1,0.003076923076923077
Chandler Bing,Man,5,0.003215434083601286
Chandler Bing,Man,8,0.010416666666666666
Chandler Bing,Man,9,0.0033112582781456954
Chandler Bing,Margha,3,0.005747126436781609
Chandler Bing,Max,1,0.009230769230769232
Chandler Bing,Michelle,9,0.0033112582781456954
Chandler Bing,Mike Hannigan,9,0.029801324503311258
Chandler Bing,Mike Hannigan,10,0.0410958904109589
Chandler Bing,Minister,2,0.0034129692832764505
Chandler Bing,Minister,4,0.002967359050445104
Chandler Bing,Minister,5,0.003215434083601286
Chandler Bing,Molly,9,0.009933774834437087
Chandler Bing,Mona,8,0.017361111111111112
Chandler Bing,Monica Geller,1,0.3292307692307692
Chandler Bing,Monica Geller,2,0.3003412969283277
Chandler Bing,Monica Geller,3,0.23563218390804597
Chandler Bing,Monica Geller,4,0.2551928783382789
Chandler Bing,Monica Geller,5,0.4115755627009646
Chandler Bing,Monica Geller,6,0.32951289398280803
Chandler Bing,Monica Geller,7,0.3132530120481928
Chandler Bing,Monica Geller,8,0.2847222222222222
Chandler Bing,Monica Geller,9,0.32781456953642385
Chandler Bing,Monica Geller,10,0.3789954337899543
Chandler Bing,Mr. Douglas,1,0.006153846153846154
Chandler Bing,Mr. Douglas,2,0.0034129692832764505
Chandler Bing,Mr. Heckles,1,0.006153846153846154
Chandler Bing,Mr. Heckles,2,0.0034129692832764505
Chandler Bing,Mr. Treeger,2,0.0034129692832764505
Chandler Bing,Mr. Treeger,4,0.005934718100890208
Chandler Bing,Nina Bookbinder,1,0.012307692307692308
Chandler Bing,Nora Tyler Bing,1,0.009230769230769232
Chandler Bing,Nora Tyler Bing,7,0.006024096385542169
Chandler Bing,Nora Tyler Bing,8,0.003472222222222222
Chandler Bing,Nurse,5,0.003215434083601286
Chandler Bing,Nurse,8,0.003472222222222222
Chandler Bing,Nurse,9,0.0033112582781456954
Chandler Bing,Nurse,10,0.0091324200913242
Chandler Bing,Nurse Sizemore,1,0.009230769230769232
Chandler Bing,Paolo,1,0.012307692307692308
Chandler Bing,Parker,8,0.010416666666666666
Chandler Bing,Paul Stevens,6,0.008595988538681949
Chandler Bing,Paul the Wine Guy,1,0.006153846153846154
Chandler Bing,Peter Becker,3,0.014367816091954023
Chandler Bing,Phoebe Buffay,1,0.31384615384615383
Chandler Bing,Phoebe Buffay,2,0.2935153583617747
Chandler Bing,Phoebe Buffay,3,0.22701149425287356
Chandler Bing,Phoebe Buffay,4,0.228486646884273
Chandler Bing,Phoebe Buffay,5,0.2861736334405145
Chandler Bing,Phoebe Buffay,6,0.1977077363896848
Chandler Bing,Phoebe Buffay,7,0.18072289156626506
Chandler Bing,Phoebe Buffay,8,0.1736111111111111
Chandler Bing,Phoebe Buffay,9,0.1423841059602649
Chandler Bing,Phoebe Buffay,10,0.2100456621004566
Chandler Bing,Rachel Green,1,0.31384615384615383
Chandler Bing,Rachel Green,2,0.2901023890784983
Chandler Bing,Rachel Green,3,0.23275862068965517
Chandler Bing,Rachel Green,4,0.23738872403560832
Chandler Bing,Rachel Green,5,0.2765273311897106
Chandler Bing,Rachel Green,6,0.17478510028653296
Chandler Bing,Rachel Green,7,0.15963855421686746
Chandler Bing,Rachel Green,8,0.16319444444444445
Chandler Bing,Rachel Green,9,0.1423841059602649
Chandler Bing,Rachel Green,10,0.2191780821917808
Chandler Bing,Receptionist,1,0.006153846153846154
Chandler Bing,Receptionist,9,0.006622516556291391
Chandler Bing,Richard Burke,2,0.017064846416382253
Chandler Bing,Richard Burke,3,0.005747126436781609
Chandler Bing,Richard Burke,6,0.008595988538681949
Chandler Bing,Rob,2,0.010238907849829351
Chandler Bing,Robert Bobby,3,0.011494252873563218
Chandler Bing,Roger,1,0.006153846153846154
Chandler Bing,Ronni Rapalono,1,0.009230769230769232
Chandler Bing,Ross Geller,1,0.36615384615384616
Chandler Bing,Ross Geller,2,0.3242320819112628
Chandler Bing,Ross Geller,3,0.2614942528735632
Chandler Bing,Ross Geller,4,0.258160237388724
Chandler Bing,Ross Geller,5,0.3086816720257235
Chandler Bing,Ross Geller,6,0.18051575931232092
Chandler Bing,Ross Geller,7,0.18072289156626506
Chandler Bing,Ross Geller,8,0.1527777777777778
Chandler Bing,Ross Geller,9,0.15894039735099338
Chandler Bing,Ross Geller,10,0.2146118721461187
Chandler Bing,Roy,2,0.0034129692832764505
Chandler Bing,Russ,2,0.013651877133105802
Chandler Bing,Sandra Green,2,0.027303754266211604
Chandler Bing,Sandy,1,0.003076923076923077
Chandler Bing,Sarah,9,0.0033112582781456954
Chandler Bing,Sarah Tuttle,3,0.005747126436781609
Chandler Bing,Shelley,1,0.006153846153846154
Chandler Bing,Sophie,3,0.0028735632183908046
Chandler Bing,Sophie,4,0.002967359050445104
Chandler Bing,Stephanie Schiffer,2,0.006825938566552901
Chandler Bing,Stephen Waltham,4,0.008902077151335312
Chandler Bing,Stephen Waltham,5,0.006430868167202572
Chandler Bing,Steve,9,0.006622516556291391
Chandler Bing,Susan Bunch,1,0.009230769230769232
Chandler Bing,Susan Bunch,2,0.013651877133105802
Chandler Bing,Susan Bunch,3,0.0028735632183908046
Chandler Bing,Susie Moss,2,0.010238907849829351
Chandler Bing,Tag Jones,7,0.024096385542168676
Chandler Bing,Terry,2,0.0034129692832764505
Chandler Bing,The Director,3,0.0028735632183908046
Chandler Bing,The Director,6,0.0028653295128939827
Chandler Bing,The Doctor,4,0.002967359050445104
Chandler Bing,The Doctor,5,0.003215434083601286
Chandler Bing,The Interviewer,8,0.024305555555555556
Chandler Bing,The Salesman,4,0.002967359050445104
Chandler Bing,The Woman,7,0.006024096385542169
Chandler Bing,Ticket Agent,8,0.003472222222222222
Chandler Bing,Timothy Burke,4,0.002967359050445104
Chandler Bing,Tom,9,0.0033112582781456954
Chandler Bing,Tommy,3,0.005747126436781609
Chandler Bing,Ursula,1,0.006153846153846154
Chandler Bing,Ursula Buffay,8,0.006944444444444444
Chandler Bing,Vince,3,0.0028735632183908046
Chandler Bing,Waiter,2,0.0034129692832764505
Chandler Bing,Waiter,4,0.002967359050445104
Chandler Bing,Waiter,8,0.003472222222222222
Chandler Bing,Waiter,9,0.0033112582781456954
Chandler Bing,Wendy,9,0.013245033112582781
Chandler Bing,Will Colbert,8,0.006944444444444444
Chandler Bing,Woman,1,0.006153846153846154
Chandler Bing,Woman,2,0.0034129692832764505
Chandler Bing,Woman,3,0.005747126436781609
Chandler Bing,Woman,4,0.011869436201780416
Chandler Bing,Woman,5,0.003215434083601286
Chandler Bing,Woman,6,0.0057306590257879654
Chandler Bing,Woman,7,0.0030120481927710845
Chandler Bing,Woman,8,0.020833333333333332
Chandler Bing,Woman,9,0.009933774834437087
Chandler Bing,Zack,9,0.009933774834437087
Charity Guy,Mike Hannigan,10,0.0136986301369863
Charity Guy,Phoebe Buffay,10,0.0136986301369863
Charlie Wheeler,David,9,0.0033112582781456954
Charlie Wheeler,Gunther,9,0.0033112582781456954
Charlie Wheeler,Joey Tribbiani,9,0.04304635761589404
Charlie Wheeler,Joey Tribbiani,10,0.0228310502283105
Charlie Wheeler,Mike Hannigan,9,0.0033112582781456954
Charlie Wheeler,Mike Hannigan,10,0.0045662100456621
Charlie Wheeler,Monica Geller,9,0.023178807947019868
Charlie Wheeler,Monica Geller,10,0.0091324200913242
Charlie Wheeler,Phoebe Buffay,9,0.026490066225165563
Charlie Wheeler,Phoebe Buffay,10,0.0136986301369863
Charlie Wheeler,Rachel Green,9,0.04966887417218543
Charlie Wheeler,Rachel Green,10,0.0228310502283105
Charlie Wheeler,Ross Geller,9,0.052980132450331126
Charlie Wheeler,Ross Geller,10,0.0502283105022831
Charlie Wheeler,Sarah,9,0.0033112582781456954
Charlie Wheeler,Woman,9,0.006622516556291391
Charlie Wheeler,Zack,9,0.0033112582781456954
Cheryl,Monica Geller,4,0.005934718100890208
Cheryl,Phoebe Buffay,4,0.002967359050445104
Cheryl,Rachel Green,4,0.002967359050445104
Cheryl,Ross Geller,4,0.008902077151335312
Chip Matthews,Monica Geller,4,0.011869436201780416
Chip Matthews,Rachel Green,4,0.005934718100890208
Chip Matthews,Ross Geller,4,0.002967359050445104
Chloe,Issac,3,0.008620689655172414
Chloe,Joey Tribbiani,3,0.0028735632183908046
Chloe,Mark Robinson,3,0.0028735632183908046
Chloe,Rachel Green,3,0.005747126436781609
Chloe,Rachel Green,4,0.002967359050445104
Chloe,Ross Geller,3,0.014367816091954023
Chloe,Ross Geller,4,0.002967359050445104
Cliff,Joey Tribbiani,8,0.006944444444444444
Cliff,Man,8,0.003472222222222222
Cliff,Phoebe Buffay,8,0.006944444444444444
Cop,Gary,5,0.003215434083601286
Cop,Guy,5,0.003215434083601286
Cop,Joey Tribbiani,5,0.003215434083601286
Cop,Monica Geller,5,0.003215434083601286
Cop,Phoebe Buffay,5,0.006430868167202572
Cop,Rachel Green,5,0.003215434083601286
Customer,Gunther,6,0.0057306590257879654
Customer,Jill Green,6,0.0028653295128939827
Customer,Joey Tribbiani,1,0.006153846153846154
Customer,Joey Tribbiani,2,0.0034129692832764505
Customer,Joey Tribbiani,6,0.0057306590257879654
Customer,Monica Geller,1,0.006153846153846154
Customer,Monica Geller,6,0.0028653295128939827
Customer,Phoebe Buffay,1,0.006153846153846154
Customer,Phoebe Buffay,6,0.0057306590257879654
Customer,Rachel Green,1,0.006153846153846154
Customer,Rachel Green,6,0.0057306590257879654
Customer,Ross Geller,1,0.006153846153846154
Customer,Ross Geller,6,0.0057306590257879654
Customer,Woman,6,0.0028653295128939827
Danny,Joey Tribbiani,5,0.00964630225080386
Danny,Monica Geller,5,0.022508038585209004
Danny,Phoebe Buffay,5,0.006430868167202572
Danny,Rachel Green,5,0.03215434083601286
Danny,Tom,5,0.003215434083601286
David,Janice Litman Goralnik,1,0.003076923076923077
David,Joey Tribbiani,1,0.006153846153846154
David,Joey Tribbiani,7,0.0030120481927710845
David,Joey Tribbiani,9,0.0033112582781456954
David,Max,1,0.009230769230769232
David,Mike Hannigan,9,0.009933774834437087
David,Monica Geller,1,0.006153846153846154
David,Monica Geller,7,0.0030120481927710845
David,Monica Geller,9,0.013245033112582781
David,Phoebe Buffay,1,0.012307692307692308
David,Phoebe Buffay,7,0.009036144578313253
David,Phoebe Buffay,9,0.026490066225165563
David,Rachel Green,1,0.006153846153846154
David,Rachel Green,9,0.006622516556291391
David,Ross Geller,1,0.006153846153846154
David,Sandy,1,0.003076923076923077
David,Zack,9,0.0033112582781456954
Dina,Joey Tribbiani,7,0.009036144578313253
Dina,Joey Tribbiani,8,0.013888888888888888
Dina,Rachel Green,8,0.013888888888888888
Dina,The Director,7,0.006024096385542169
Director,Dr. Drake Ramoray,8,0.003472222222222222
Director,Dr. Drake Ramoray,9,0.006622516556291391
Director,Girl,6,0.0028653295128939827
Director,Janine Lecroix,6,0.0028653295128939827
Director,Jean-Claude Van Damme,2,0.0034129692832764505
Director,Joey Tribbiani,1,0.003076923076923077
Director,Joey Tribbiani,2,0.0034129692832764505
Director,Joey Tribbiani,3,0.008620689655172414
Director,Joey Tribbiani,6,0.011461318051575931
Director,Joey Tribbiani,8,0.003472222222222222
Director,Joey Tribbiani,9,0.016556291390728478
Director,Joey Tribbiani,10,0.0045662100456621
Director,Man,9,0.0033112582781456954
Director,Monica Geller,6,0.008595988538681949
Director,Phoebe Buffay,9,0.013245033112582781
Director,Phoebe Buffay,10,0.0045662100456621
Director,Rachel Green,8,0.003472222222222222
Director,Rachel Green,9,0.0033112582781456954
Director,Ross Geller,6,0.011461318051575931
Doctor,Dr. Long,8,0.003472222222222222
Doctor,Erica,10,0.0091324200913242
Doctor,Joey Tribbiani,2,0.0034129692832764505
Doctor,Joey Tribbiani,8,0.003472222222222222
Doctor,Monica Geller,2,0.0034129692832764505
Doctor,Monica Geller,4,0.002967359050445104
Doctor,Monica Geller,10,0.0091324200913242
Doctor,Nurse,4,0.002967359050445104
Doctor,Nurse,10,0.0045662100456621
Doctor,Phoebe Buffay,2,0.0034129692832764505
Doctor,Rachel Green,2,0.0034129692832764505
Doctor,Rachel Green,4,0.002967359050445104
Doctor,Rachel Green,8,0.006944444444444444
Doctor,Ross Geller,2,0.0034129692832764505
Doctor,Ross Geller,8,0.006944444444444444
Doctor,Stephanie Schiffer,2,0.0034129692832764505
Doctor,Terry,2,0.0034129692832764505
Doctor,Timothy Burke,4,0.002967359050445104
Don,Monica Geller,8,0.006944444444444444
Don,Phoebe Buffay,8,0.006944444444444444
Donny Osmond,Gene,10,0.0136986301369863
Donny Osmond,Joey Tribbiani,10,0.0182648401826484
Doug,Monica Geller,5,0.00964630225080386
Doug,Monica Geller,8,0.003472222222222222
Dr. Drake Ramoray,Joey Tribbiani,2,0.0034129692832764505
Dr. Drake Ramoray,Joey Tribbiani,8,0.003472222222222222
Dr. Drake Ramoray,Joey Tribbiani,9,0.009933774834437087
Dr. Drake Ramoray,Man,9,0.006622516556291391
Dr. Drake Ramoray,Monica Geller,2,0.006825938566552901
Dr. Drake Ramoray,Monica Geller,9,0.0033112582781456954
Dr. Drake Ramoray,Nurse,6,0.0028653295128939827
Dr. Drake Ramoray,Phoebe Buffay,2,0.0034129692832764505
Dr. Drake Ramoray,Phoebe Buffay,9,0.006622516556291391
Dr. Drake Ramoray,Rachel Green,2,0.006825938566552901
Dr. Drake Ramoray,Rachel Green,6,0.0028653295128939827
Dr. Drake Ramoray,Rachel Green,8,0.003472222222222222
Dr. Drake Ramoray,Rachel Green,9,0.006622516556291391
Dr. Drake Ramoray,Ross Geller,2,0.006825938566552901
Dr. Franzblau,Joey Tribbiani,1,0.003076923076923077
Dr. Franzblau,Monica Geller,1,0.003076923076923077
Dr. Franzblau,Nurse Sizemore,1,0.006153846153846154
Dr. Franzblau,Phoebe Buffay,1,0.003076923076923077
Dr. Franzblau,Rachel Green,1,0.012307692307692308
Dr. Franzblau,Ross Geller,1,0.006153846153846154
Dr. Franzblau,Susan Bunch,1,0.006153846153846154
Dr. Harad,Frank Buffay Jr.,5,0.012861736334405145
Dr. Harad,Joey Tribbiani,5,0.00964630225080386
Dr. Harad,Monica Geller,5,0.00964630225080386
Dr. Harad,Phoebe Buffay,5,0.01607717041800643
Dr. Harad,Rachel Green,5,0.012861736334405145
Dr. Harad,Ross Geller,5,0.00964630225080386
Dr. Ledbetter,Joey Tribbiani,6,0.0028653295128939827
Dr. Ledbetter,Monica Geller,6,0.0028653295128939827
Dr. Ledbetter,Phoebe Buffay,6,0.0028653295128939827
Dr. Ledbetter,Rachel Green,6,0.0028653295128939827
Dr. Ledbetter,Ross Geller,5,0.006430868167202572
Dr. Ledbetter,Ross Geller,6,0.0028653295128939827
Dr. Long,Joey Tribbiani,8,0.003472222222222222
Dr. Long,Man,8,0.003472222222222222
Dr. Long,Nurse,8,0.003472222222222222
Dr. Long,Rachel Green,8,0.027777777777777776
Dr. Long,Ross Geller,8,0.027777777777777776
Dr. Long,Woman,8,0.003472222222222222
Dr. Miller,Monica Geller,5,0.003215434083601286
Dr. Miller,Rachel Green,5,0.003215434083601286
Dr. Miller,The Doctor,5,0.003215434083601286
Dr. Mitchell,Monica Geller,1,0.009230769230769232
Dr. Mitchell,Nurse Sizemore,1,0.003076923076923077
Dr. Mitchell,Rachel Green,1,0.009230769230769232
Dr. Mitchell,Ross Geller,1,0.003076923076923077
Duncan,Phoebe Buffay,2,0.010238907849829351
Earl,Guy,7,0.0030120481927710845
Earl,Phoebe Buffay,7,0.012048192771084338
Eddie Menuek,Joey Tribbiani,2,0.010238907849829351
Eddie Menuek,Monica Geller,2,0.0034129692832764505
Eddie Menuek,Phoebe Buffay,2,0.006825938566552901
Eddie Menuek,Rachel Green,2,0.0034129692832764505
Elizabeth Stevens,Guy,6,0.0028653295128939827
Elizabeth Stevens,Joey Tribbiani,6,0.0028653295128939827
Elizabeth Stevens,Lydia,6,0.0028653295128939827
Elizabeth Stevens,Monica Geller,6,0.0057306590257879654
Elizabeth Stevens,Paul Stevens,6,0.02005730659025788
Elizabeth Stevens,Phoebe Buffay,6,0.0057306590257879654
Elizabeth Stevens,Rachel Green,6,0.022922636103151862
Elizabeth Stevens,Ross Geller,6,0.04871060171919771
Elizabeth Stevens,Sarah,6,0.0028653295128939827
Emily Waltham,Gunther,4,0.002967359050445104
Emily Waltham,Jack Geller,4,0.011869436201780416
Emily Waltham,Jack Geller,5,0.003215434083601286
Emily Waltham,Joey Tribbiani,4,0.03560830860534125
Emily Waltham,Joey Tribbiani,5,0.012861736334405145
Emily Waltham,Joshua Burgin,4,0.005934718100890208
Emily Waltham,Judy Geller,4,0.011869436201780416
Emily Waltham,Judy Geller,5,0.006430868167202572
Emily Waltham,Minister,4,0.002967359050445104
Emily Waltham,Minister,5,0.003215434083601286
Emily Waltham,Monica Geller,4,0.03857566765578635
Emily Waltham,Monica Geller,5,0.01607717041800643
Emily Waltham,Phoebe Buffay,4,0.032640949554896145
Emily Waltham,Phoebe Buffay,5,0.00964630225080386
Emily Waltham,Rachel Green,4,0.026706231454005934
Emily Waltham,Rachel Green,5,0.01607717041800643
Emily Waltham,Ross Geller,4,0.07418397626112759
Emily Waltham,Ross Geller,5,0.01607717041800643
Emily Waltham,Stephen Waltham,4,0.011869436201780416
Emily Waltham,Stephen Waltham,5,0.003215434083601286
Emily Waltham,Susan Bunch,4,0.005934718100890208
Emily Waltham,Ticket Agent,4,0.002967359050445104
Emily Waltham,Woman,4,0.002967359050445104
Eric,Girl,8,0.003472222222222222
Eric,Joey Tribbiani,8,0.006944444444444444
Eric,Mona,8,0.006944444444444444
Eric,Monica Geller,8,0.006944444444444444
Eric,Phoebe Buffay,8,0.020833333333333332
Eric,Rachel Green,8,0.010416666666666666
Eric,Ross Geller,8,0.010416666666666666
Eric,Ursula Buffay,8,0.006944444444444444
Erica,Joey Tribbiani,10,0.0091324200913242
Erica,Monica Geller,10,0.0593607305936073
Erica,Nurse,10,0.0091324200913242
Erica,Phoebe Buffay,10,0.0091324200913242
Erica,Rachel Green,10,0.0045662100456621
Erica,Ross Geller,10,0.0091324200913242
Erica Ford,Joey Tribbiani,2,0.013651877133105802
Erica Ford,Monica Geller,2,0.0034129692832764505
Erica Ford,Rachel Green,2,0.0034129692832764505
Erica Ford,Ross Geller,2,0.0034129692832764505
Erica Ford,Waiter,2,0.0034129692832764505
Erin,Joey Tribbiani,7,0.012048192771084338
Erin,Joey Tribbiani,8,0.003472222222222222
Erin,Man,8,0.003472222222222222
Erin,Phoebe Buffay,7,0.009036144578313253
Erin,Rachel Green,7,0.012048192771084338
Erin,Ross Geller,7,0.0030120481927710845
Estelle Leonard,Jack Geller,10,0.0045662100456621
Estelle Leonard,Joey Tribbiani,2,0.006825938566552901
Estelle Leonard,Joey Tribbiani,3,0.0028735632183908046
Estelle Leonard,Joey Tribbiani,5,0.003215434083601286
Estelle Leonard,Joey Tribbiani,6,0.0057306590257879654
Estelle Leonard,Joey Tribbiani,7,0.0030120481927710845
Estelle Leonard,Joey Tribbiani,8,0.003472222222222222
Estelle Leonard,Joey Tribbiani,10,0.0045662100456621
Estelle Leonard,Judy Geller,10,0.0045662100456621
Estelle Leonard,Lauren,3,0.0028735632183908046
Estelle Leonard,Monica Geller,3,0.0028735632183908046
Estelle Leonard,Monica Geller,6,0.0028653295128939827
Estelle Leonard,Monica Geller,7,0.0030120481927710845
Estelle Leonard,Monica Geller,8,0.003472222222222222
Estelle Leonard,Monica Geller,10,0.0045662100456621
Estelle Leonard,Peter Becker,3,0.0028735632183908046
Estelle Leonard,Phoebe Buffay,6,0.0028653295128939827
Estelle Leonard,Phoebe Buffay,7,0.0030120481927710845
Estelle Leonard,Phoebe Buffay,8,0.003472222222222222
Estelle Leonard,Phoebe Buffay,10,0.0045662100456621
Estelle Leonard,Rachel Green,3,0.0028735632183908046
Estelle Leonard,Rachel Green,8,0.003472222222222222
Estelle Leonard,Rachel Green,10,0.0045662100456621
Estelle Leonard,Ross Geller,3,0.0028735632183908046
Estelle Leonard,Ross Geller,10,0.0045662100456621
Estelle Leonard,The Director,3,0.0028735632183908046
Ethan,Joey Tribbiani,1,0.003076923076923077
Ethan,Monica Geller,1,0.009230769230769232
Ethan,Rachel Green,1,0.003076923076923077
Ethan,Ross Geller,1,0.003076923076923077
Fake Monica,Monica Geller,1,0.009230769230769232
Fake Monica,Phoebe Buffay,1,0.003076923076923077
Fake Monica,Rachel Green,1,0.006153846153846154
Fake Monica,Teacher,1,0.003076923076923077
Fake Monica,Woman,1,0.003076923076923077
Frank Buffay Jr.,Girl,3,0.0028735632183908046
Frank Buffay Jr.,Jamie,1,0.003076923076923077
Frank Buffay Jr.,Joey Tribbiani,3,0.008620689655172414
Frank Buffay Jr.,Joey Tribbiani,4,0.002967359050445104
Frank Buffay Jr.,Joey Tribbiani,5,0.00964630225080386
Frank Buffay Jr.,Monica Geller,3,0.005747126436781609
Frank Buffay Jr.,Monica Geller,4,0.005934718100890208
Frank Buffay Jr.,Monica Geller,5,0.00964630225080386
Frank Buffay Jr.,Monica Geller,10,0.0045662100456621
Frank Buffay Jr.,Phoebe Abbott,4,0.002967359050445104
Frank Buffay Jr.,Phoebe Buffay,1,0.003076923076923077
Frank Buffay Jr.,Phoebe Buffay,2,0.0034129692832764505
Frank Buffay Jr.,Phoebe Buffay,3,0.022988505747126436
Frank Buffay Jr.,Phoebe Buffay,4,0.01483679525222552
Frank Buffay Jr.,Phoebe Buffay,5,0.01607717041800643
Frank Buffay Jr.,Phoebe Buffay,10,0.0136986301369863
Frank Buffay Jr.,Rachel Green,1,0.003076923076923077
Frank Buffay Jr.,Rachel Green,3,0.005747126436781609
Frank Buffay Jr.,Rachel Green,4,0.005934718100890208
Frank Buffay Jr.,Rachel Green,5,0.012861736334405145
Frank Buffay Jr.,Ross Geller,3,0.008620689655172414
Frank Buffay Jr.,Ross Geller,4,0.002967359050445104
Frank Buffay Jr.,Ross Geller,5,0.012861736334405145
Frank Buffay Sr.,Joey Tribbiani,5,0.003215434083601286
Frank Buffay Sr.,Man,5,0.003215434083601286
Frank Buffay Sr.,Monica Geller,5,0.003215434083601286
Frank Buffay Sr.,Phoebe Buffay,5,0.006430868167202572
Frank Buffay Sr.,Rachel Green,5,0.003215434083601286
Frank Buffay Sr.,Ross Geller,5,0.003215434083601286
Gary,Joey Tribbiani,5,0.022508038585209004
Gary,Monica Geller,5,0.022508038585209004
Gary,Monica Geller,7,0.0030120481927710845
Gary,Phoebe Buffay,5,0.03536977491961415
Gary,Rachel Green,5,0.006430868167202572
Gary,Ross Geller,5,0.01929260450160772
Gavin Mitchell,Guy,9,0.0033112582781456954
Gavin Mitchell,Molly,9,0.0033112582781456954
Gavin Mitchell,Monica Geller,9,0.006622516556291391
Gavin Mitchell,Mr. Zelner,9,0.006622516556291391
Gavin Mitchell,Phoebe Buffay,9,0.0033112582781456954
Gavin Mitchell,Rachel Green,9,0.026490066225165563
Gavin Mitchell,Ross Geller,9,0.006622516556291391
Gene,Joey Tribbiani,10,0.0136986301369863
Ginger,Gunther,3,0.0028735632183908046
Ginger,Joey Tribbiani,3,0.0028735632183908046
Ginger,Phoebe Buffay,3,0.0028735632183908046
Ginger,Woman,3,0.0028735632183908046
Girl,Janine Lecroix,6,0.0028653295128939827
Girl,Joey Tribbiani,1,0.003076923076923077
Girl,Joey Tribbiani,6,0.0028653295128939827
Girl,Joey Tribbiani,8,0.003472222222222222
Girl,Joey Tribbiani,10,0.0045662100456621
Girl,Mackenzie,10,0.0045662100456621
Girl,Mona,8,0.003472222222222222
Girl,Monica Geller,6,0.0028653295128939827
Girl,Monica Geller,8,0.003472222222222222
Girl,Nurse,9,0.0033112582781456954
Girl,Phoebe Buffay,3,0.0028735632183908046
Girl,Phoebe Buffay,8,0.003472222222222222
Girl,Rachel Green,8,0.003472222222222222
Girl,Receptionist,9,0.0033112582781456954
Girl,Ross Geller,3,0.0028735632183908046
Girl,Ross Geller,6,0.0028653295128939827
Girl,Ross Geller,8,0.003472222222222222
Girl,Ross Geller,9,0.0033112582781456954
Girl,Ross Geller,10,0.0045662100456621
Girl,Ursula Buffay,8,0.003472222222222222
Girl,Woman,9,0.0033112582781456954
Grandmother,Phoebe Buffay,2,0.006825938566552901
Gunther,Guy,2,0.0034129692832764505
Gunther,Hayley,9,0.0033112582781456954
Gunther,Jack Geller,7,0.0030120481927710845
Gunther,Janice Litman Goralnik,3,0.0028735632183908046
Gunther,Janice Litman Goralnik,5,0.003215434083601286
Gunther,Jill Green,6,0.0028653295128939827
Gunther,Joey Tribbiani,2,0.010238907849829351
Gunther,Joey Tribbiani,3,0.020114942528735632
Gunther,Joey Tribbiani,4,0.02373887240356083
Gunther,Joey Tribbiani,5,0.01607717041800643
Gunther,Joey Tribbiani,6,0.03151862464183381
Gunther,Joey Tribbiani,7,0.006024096385542169
Gunther,Joey Tribbiani,8,0.024305555555555556
Gunther,Joey Tribbiani,9,0.009933774834437087
Gunther,Joey Tribbiani,10,0.0045662100456621
Gunther,Joshua Burgin,4,0.005934718100890208
Gunther,Judy Geller,2,0.0034129692832764505
Gunther,Judy Geller,7,0.0030120481927710845
Gunther,Kathy,4,0.005934718100890208
Gunther,Larry,5,0.003215434083601286
Gunther,Lauren,8,0.003472222222222222
Gunther,Leonard Green,2,0.0034129692832764505
Gunther,Little Bully,2,0.0034129692832764505
Gunther,Mark Robinson,3,0.0028735632183908046
Gunther,Melissa Warburton,7,0.0030120481927710845
Gunther,Monica Geller,2,0.006825938566552901
Gunther,Monica Geller,3,0.02586206896551724
Gunther,Monica Geller,4,0.011869436201780416
Gunther,Monica Geller,5,0.00964630225080386
Gunther,Monica Geller,6,0.008595988538681949
Gunther,Monica Geller,7,0.006024096385542169
Gunther,Monica Geller,8,0.006944444444444444
Gunther,Monica Geller,9,0.006622516556291391
Gunther,Monica Geller,10,0.0045662100456621
Gunther,Phoebe Buffay,2,0.006825938566552901
Gunther,Phoebe Buffay,3,0.022988505747126436
Gunther,Phoebe Buffay,4,0.017804154302670624
Gunther,Phoebe Buffay,5,0.012861736334405145
Gunther,Phoebe Buffay,6,0.014326647564469915
Gunther,Phoebe Buffay,7,0.0030120481927710845
Gunther,Phoebe Buffay,8,0.006944444444444444
Gunther,Phoebe Buffay,9,0.0033112582781456954
Gunther,Phoebe Buffay,10,0.0091324200913242
Gunther,Rachel Green,2,0.006825938566552901
Gunther,Rachel Green,3,0.034482758620689655
Gunther,Rachel Green,4,0.01483679525222552
Gunther,Rachel Green,5,0.00964630225080386
Gunther,Rachel Green,6,0.014326647564469915
Gunther,Rachel Green,7,0.0030120481927710845
Gunther,Rachel Green,8,0.013888888888888888
Gunther,Rachel Green,9,0.0033112582781456954
Gunther,Rachel Green,10,0.0091324200913242
Gunther,Robert Bobby,3,0.0028735632183908046
Gunther,Ross Geller,2,0.010238907849829351
Gunther,Ross Geller,3,0.031609195402298854
Gunther,Ross Geller,4,0.02373887240356083
Gunther,Ross Geller,5,0.012861736334405145
Gunther,Ross Geller,6,0.02005730659025788
Gunther,Ross Geller,7,0.006024096385542169
Gunther,Ross Geller,8,0.013888888888888888
Gunther,Ross Geller,9,0.006622516556291391
Gunther,Ross Geller,10,0.0091324200913242
Gunther,Sandra Green,2,0.0034129692832764505
Gunther,The Interviewer,8,0.006944444444444444
Gunther,Tommy,3,0.0028735632183908046
Gunther,Woman,3,0.0028735632183908046
Gunther,Woman,6,0.0028653295128939827
Gunther,Woman,7,0.0030120481927710845
Guru Saj,Joey Tribbiani,3,0.0028735632183908046
Guru Saj,Ross Geller,3,0.0028735632183908046
Guy,Helena,7,0.0030120481927710845
Guy,Jim,8,0.003472222222222222
Guy,Joey Tribbiani,1,0.003076923076923077
Guy,Joey Tribbiani,2,0.006825938566552901
Guy,Joey Tribbiani,3,0.011494252873563218
Guy,Joey Tribbiani,4,0.002967359050445104
Guy,Judy Geller,2,0.0034129692832764505
Guy,Leonard Green,2,0.0034129692832764505
Guy,Lydia,1,0.003076923076923077
Guy,Michael,2,0.0034129692832764505
Guy,Monica Geller,1,0.006153846153846154
Guy,Monica Geller,2,0.0034129692832764505
Guy,Monica Geller,3,0.011494252873563218
Guy,Monica Geller,7,0.0030120481927710845
Guy,Monica Geller,8,0.006944444444444444
Guy,Phoebe Buffay,1,0.006153846153846154
Guy,Phoebe Buffay,2,0.006825938566552901
Guy,Phoebe Buffay,3,0.014367816091954023
Guy,Phoebe Buffay,5,0.006430868167202572
Guy,Phoebe Buffay,7,0.006024096385542169
Guy,Phoebe Buffay,8,0.010416666666666666
Guy,Rachel Green,1,0.003076923076923077
Guy,Rachel Green,2,0.010238907849829351
Guy,Rachel Green,3,0.008620689655172414
Guy,Rachel Green,5,0.003215434083601286
Guy,Rachel Green,7,0.0030120481927710845
Guy,Rachel Green,9,0.0033112582781456954
Guy,Ross Geller,1,0.003076923076923077
Guy,Ross Geller,2,0.006825938566552901
Guy,Ross Geller,3,0.005747126436781609
Guy,Ross Geller,5,0.006430868167202572
Guy,Ross Geller,6,0.0028653295128939827
Guy,Ross Geller,7,0.0030120481927710845
Guy,Ross Geller,9,0.0033112582781456954
Guy,Sandra Green,2,0.0034129692832764505
Guy,Steve Cera,5,0.003215434083601286
Guy,Tim,8,0.003472222222222222
Guy,Tom,7,0.0030120481927710845
Guy,Waiter,2,0.0034129692832764505
Guy,Woman,7,0.0030120481927710845
Hayley,Joey Tribbiani,9,0.009933774834437087
Hayley,Monica Geller,9,0.0033112582781456954
Helena,Monica Geller,7,0.009036144578313253
Hillary,Ross Geller,6,0.0057306590257879654
Interviewer,Monica Geller,2,0.0034129692832764505
Interviewer,Monica Geller,6,0.0028653295128939827
Interviewer,Phoebe Buffay,4,0.002967359050445104
Issac,Joey Tribbiani,3,0.0028735632183908046
Issac,Ross Geller,3,0.005747126436781609
Jack Geller,Joey Tribbiani,4,0.01483679525222552
Jack Geller,Joey Tribbiani,5,0.003215434083601286
Jack Geller,Joey Tribbiani,6,0.0057306590257879654
Jack Geller,Joey Tribbiani,7,0.015060240963855422
Jack Geller,Joey Tribbiani,8,0.010416666666666666
Jack Geller,Joey Tribbiani,9,0.009933774834437087
Jack Geller,Joey Tribbiani,10,0.0091324200913242
Jack Geller,Judy Geller,4,0.017804154302670624
Jack Geller,Judy Geller,5,0.012861736334405145
Jack Geller,Judy Geller,6,0.0057306590257879654
Jack Geller,Judy Geller,7,0.02710843373493976
Jack Geller,Judy Geller,8,0.006944444444444444
Jack Geller,Judy Geller,10,0.0091324200913242
Jack Geller,Man,8,0.006944444444444444
Jack Geller,Minister,4,0.002967359050445104
Jack Geller,Mona,8,0.003472222222222222
Jack Geller,Monica Geller,3,0.0028735632183908046
Jack Geller,Monica Geller,4,0.017804154302670624
Jack Geller,Monica Geller,5,0.012861736334405145
Jack Geller,Monica Geller,6,0.0057306590257879654
Jack Geller,Monica Geller,7,0.03614457831325301
Jack Geller,Monica Geller,8,0.010416666666666666
Jack Geller,Monica Geller,9,0.013245033112582781
Jack Geller,Monica Geller,10,0.0091324200913242
Jack Geller,Nora Tyler Bing,7,0.009036144578313253
Jack Geller,Parker,8,0.006944444444444444
Jack Geller,Phoebe Buffay,4,0.008902077151335312
Jack Geller,Phoebe Buffay,5,0.003215434083601286
Jack Geller,Phoebe Buffay,6,0.0057306590257879654
Jack Geller,Phoebe Buffay,7,0.024096385542168676
Jack Geller,Phoebe Buffay,8,0.010416666666666666
Jack Geller,Phoebe Buffay,9,0.006622516556291391
Jack Geller,Phoebe Buffay,10,0.0091324200913242
Jack Geller,Rachel Green,4,0.011869436201780416
Jack Geller,Rachel Green,5,0.012861736334405145
Jack Geller,Rachel Green,6,0.0057306590257879654
Jack Geller,Rachel Green,7,0.015060240963855422
Jack Geller,Rachel Green,8,0.010416666666666666
Jack Geller,Rachel Green,9,0.0033112582781456954
Jack Geller,Rachel Green,10,0.0091324200913242
Jack Geller,Ross Geller,4,0.020771513353115726
Jack Geller,Ross Geller,5,0.012861736334405145
Jack Geller,Ross Geller,6,0.0057306590257879654
Jack Geller,Ross Geller,7,0.03614457831325301
Jack Geller,Ross Geller,8,0.010416666666666666
Jack Geller,Ross Geller,9,0.009933774834437087
Jack Geller,Ross Geller,10,0.0091324200913242
Jack Geller,Stephen Waltham,4,0.011869436201780416
Jack Geller,Stephen Waltham,5,0.003215434083601286
Jack Geller,Tag Jones,7,0.0030120481927710845
Jack Geller,The Doctor,5,0.003215434083601286
Jack Geller,Waiter,4,0.002967359050445104
Jack Geller,Woman,7,0.0030120481927710845
Jack Geller,Woman,8,0.006944444444444444
Jade,Joey Tribbiani,2,0.013651877133105802
Jade,Monica Geller,2,0.010238907849829351
Jade,Phoebe Buffay,2,0.010238907849829351
Jade,Rachel Green,2,0.010238907849829351
Jade,Ross Geller,2,0.013651877133105802
Jamie,Phoebe Buffay,1,0.003076923076923077
Jamie,Rachel Green,1,0.003076923076923077
Janice Litman Goralnik,Joey Tribbiani,1,0.015384615384615385
Janice Litman Goralnik,Joey Tribbiani,2,0.0034129692832764505
Janice Litman Goralnik,Joey Tribbiani,3,0.020114942528735632
Janice Litman Goralnik,Joey Tribbiani,4,0.005934718100890208
Janice Litman Goralnik,Joey Tribbiani,5,0.00964630225080386
Janice Litman Goralnik,Joey Tribbiani,6,0.0028653295128939827
Janice Litman Goralnik,Man,8,0.003472222222222222
Janice Litman Goralnik,Max,1,0.003076923076923077
Janice Litman Goralnik,Monica Geller,1,0.006153846153846154
Janice Litman Goralnik,Monica Geller,3,0.008620689655172414
Janice Litman Goralnik,Monica Geller,4,0.002967359050445104
Janice Litman Goralnik,Monica Geller,5,0.003215434083601286
Janice Litman Goralnik,Monica Geller,6,0.0028653295128939827
Janice Litman Goralnik,Monica Geller,7,0.009036144578313253
Janice Litman Goralnik,Monica Geller,8,0.003472222222222222
Janice Litman Goralnik,Monica Geller,9,0.0033112582781456954
Janice Litman Goralnik,Monica Geller,10,0.0091324200913242
Janice Litman Goralnik,Nurse,9,0.0033112582781456954
Janice Litman Goralnik,Phoebe Buffay,1,0.012307692307692308
Janice Litman Goralnik,Phoebe Buffay,2,0.006825938566552901
Janice Litman Goralnik,Phoebe Buffay,3,0.011494252873563218
Janice Litman Goralnik,Phoebe Buffay,4,0.005934718100890208
Janice Litman Goralnik,Phoebe Buffay,5,0.006430868167202572
Janice Litman Goralnik,Phoebe Buffay,6,0.0028653295128939827
Janice Litman Goralnik,Rachel Green,1,0.006153846153846154
Janice Litman Goralnik,Rachel Green,2,0.0034129692832764505
Janice Litman Goralnik,Rachel Green,3,0.005747126436781609
Janice Litman Goralnik,Rachel Green,4,0.005934718100890208
Janice Litman Goralnik,Rachel Green,5,0.006430868167202572
Janice Litman Goralnik,Rachel Green,8,0.010416666666666666
Janice Litman Goralnik,Ross Geller,1,0.003076923076923077
Janice Litman Goralnik,Ross Geller,2,0.006825938566552901
Janice Litman Goralnik,Ross Geller,3,0.005747126436781609
Janice Litman Goralnik,Ross Geller,4,0.002967359050445104
Janice Litman Goralnik,Ross Geller,5,0.00964630225080386
Janice Litman Goralnik,Ross Geller,6,0.0028653295128939827
Janice Litman Goralnik,Ross Geller,8,0.010416666666666666
Janice Litman Goralnik,Sandy,1,0.003076923076923077
Janine Lecroix,Joey Tribbiani,6,0.03724928366762178
Janine Lecroix,Monica Geller,6,0.02005730659025788
Janine Lecroix,Rachel Green,6,0.0057306590257879654
Janine Lecroix,Ross Geller,6,0.014326647564469915
Janitor,Phoebe Buffay,1,0.003076923076923077
Janitor,Ross Geller,1,0.003076923076923077
Janitor,Ross Geller,2,0.006825938566552901
Janitor,Susan Bunch,1,0.003076923076923077
Jason,Phoebe Buffay,3,0.008620689655172414
Jason,Vince,3,0.0028735632183908046
Jean-Claude Van Damme,Joey Tribbiani,2,0.006825938566552901
Jean-Claude Van Damme,Monica Geller,2,0.010238907849829351
Jean-Claude Van Damme,Phoebe Buffay,2,0.0034129692832764505
Jean-Claude Van Damme,Rachel Green,2,0.006825938566552901
Jean-Claude Van Damme,Ross Geller,2,0.0034129692832764505
Jean-Claude Van Damme,Susie Moss,2,0.0034129692832764505
Jill Green,Joey Tribbiani,6,0.008595988538681949
Jill Green,Joey Tribbiani,8,0.003472222222222222
Jill Green,Monica Geller,6,0.008595988538681949
Jill Green,Phoebe Buffay,6,0.0057306590257879654
Jill Green,Rachel Green,6,0.022922636103151862
Jill Green,Rachel Green,8,0.003472222222222222
Jill Green,Ross Geller,6,0.017191977077363897
Jill Green,Ross Geller,8,0.003472222222222222
Jill Green,The Interviewer,8,0.003472222222222222
Jill Green,Woman,6,0.0057306590257879654
Jill Green,Woman,8,0.003472222222222222
Jim,Phoebe Buffay,8,0.006944444444444444
Joanna,Joey Tribbiani,4,0.002967359050445104
Joanna,Rachel Green,3,0.011494252873563218
Joanna,Rachel Green,4,0.020771513353115726
Joanna,Sophie,3,0.008620689655172414
Joanna,Sophie,4,0.005934718100890208
Joey Tribbiani,Joey Tribbiani Sr.,1,0.015384615384615385
Joey Tribbiani,Joey's Hand Twin,5,0.006430868167202572
Joey Tribbiani,Joshua Burgin,4,0.008902077151335312
Joey Tribbiani,Judy Geller,1,0.006153846153846154
Joey Tribbiani,Judy Geller,2,0.006825938566552901
Joey Tribbiani,Judy Geller,4,0.017804154302670624
Joey Tribbiani,Judy Geller,5,0.006430868167202572
Joey Tribbiani,Judy Geller,6,0.008595988538681949
Joey Tribbiani,Judy Geller,7,0.015060240963855422
Joey Tribbiani,Judy Geller,8,0.006944444444444444
Joey Tribbiani,Judy Geller,10,0.0091324200913242
Joey Tribbiani,Julie,2,0.027303754266211604
Joey Tribbiani,Kate Miller,3,0.02586206896551724
Joey Tribbiani,Kathy,4,0.026706231454005934
Joey Tribbiani,Katie,5,0.00964630225080386
Joey Tribbiani,Kristen Leigh,7,0.006024096385542169
Joey Tribbiani,Laura,10,0.0091324200913242
Joey Tribbiani,Lauren,3,0.017241379310344827
Joey Tribbiani,Lauren,8,0.003472222222222222
Joey Tribbiani,Lennart,9,0.009933774834437087
Joey Tribbiani,Leonard Green,2,0.010238907849829351
Joey Tribbiani,Leonard Green,8,0.006944444444444444
Joey Tribbiani,Leslie,1,0.003076923076923077
Joey Tribbiani,Leslie,3,0.0028735632183908046
Joey Tribbiani,Luisa Gianetti,1,0.003076923076923077
Joey Tribbiani,Lydia,1,0.009230769230769232
Joey Tribbiani,Mackenzie,10,0.0091324200913242
Joey Tribbiani,Man,5,0.003215434083601286
Joey Tribbiani,Man,7,0.0030120481927710845
Joey Tribbiani,Man,8,0.017361111111111112
Joey Tribbiani,Man,9,0.0033112582781456954
Joey Tribbiani,Margha,3,0.005747126436781609
Joey Tribbiani,Max,1,0.009230769230769232
Joey Tribbiani,Melissa Warburton,7,0.0030120481927710845
Joey Tribbiani,Mike Hannigan,9,0.026490066225165563
Joey Tribbiani,Mike Hannigan,10,0.0502283105022831
Joey Tribbiani,Mindy Hunter,1,0.003076923076923077
Joey Tribbiani,Minister,2,0.0034129692832764505
Joey Tribbiani,Minister,4,0.002967359050445104
Joey Tribbiani,Minister,5,0.003215434083601286
Joey Tribbiani,Molly,9,0.013245033112582781
Joey Tribbiani,Mona,8,0.027777777777777776
Joey Tribbiani,Monica Geller,1,0.3415384615384615
Joey Tribbiani,Monica Geller,2,0.25597269624573377
Joey Tribbiani,Monica Geller,3,0.22126436781609196
Joey Tribbiani,Monica Geller,4,0.22551928783382788
Joey Tribbiani,Monica Geller,5,0.3086816720257235
Joey Tribbiani,Monica Geller,6,0.19484240687679083
Joey Tribbiani,Monica Geller,7,0.20481927710843373
Joey Tribbiani,Monica Geller,8,0.18055555555555555
Joey Tribbiani,Monica Geller,9,0.15894039735099338
Joey Tribbiani,Monica Geller,10,0.2420091324200913
Joey Tribbiani,Mr. Douglas,2,0.0034129692832764505
Joey Tribbiani,Mr. Heckles,1,0.006153846153846154
Joey Tribbiani,Mr. Heckles,2,0.0034129692832764505
Joey Tribbiani,Mr. Thompson,6,0.008595988538681949
Joey Tribbiani,Mr. Treeger,2,0.0034129692832764505
Joey Tribbiani,Mr. Treeger,4,0.01483679525222552
Joey Tribbiani,Mr. Treeger,8,0.006944444444444444
Joey Tribbiani,Mr. Zelner,8,0.003472222222222222
Joey Tribbiani,Nora Tyler Bing,1,0.009230769230769232
Joey Tribbiani,Nora Tyler Bing,7,0.0030120481927710845
Joey Tribbiani,Nora Tyler Bing,8,0.003472222222222222
Joey Tribbiani,Nurse,5,0.003215434083601286
Joey Tribbiani,Nurse,8,0.006944444444444444
Joey Tribbiani,Nurse,9,0.006622516556291391
Joey Tribbiani,Nurse Sizemore,1,0.006153846153846154
Joey Tribbiani,Paolo,1,0.012307692307692308
Joey Tribbiani,Parker,8,0.010416666666666666
Joey Tribbiani,Paul Stevens,6,0.0057306590257879654
Joey Tribbiani,Paul the Wine Guy,1,0.006153846153846154
Joey Tribbiani,Peter Becker,3,0.014367816091954023
Joey Tribbiani,Phoebe Buffay,1,0.2953846153846154
Joey Tribbiani,Phoebe Buffay,2,0.2696245733788396
Joey Tribbiani,Phoebe Buffay,3,0.22126436781609196
Joey Tribbiani,Phoebe Buffay,4,0.2166172106824926
Joey Tribbiani,Phoebe Buffay,5,0.2797427652733119
Joey Tribbiani,Phoebe Buffay,6,0.1977077363896848
Joey Tribbiani,Phoebe Buffay,7,0.21084337349397592
Joey Tribbiani,Phoebe Buffay,8,0.19444444444444445
Joey Tribbiani,Phoebe Buffay,9,0.15894039735099338
Joey Tribbiani,Phoebe Buffay,10,0.2511415525114155
Joey Tribbiani,Rachel Green,1,0.31384615384615383
Joey Tribbiani,Rachel Green,2,0.24914675767918087
Joey Tribbiani,Rachel Green,3,0.1839080459770115
Joey Tribbiani,Rachel Green,4,0.19881305637982197
Joey Tribbiani,Rachel Green,5,0.2797427652733119
Joey Tribbiani,Rachel Green,6,0.17478510028653296
Joey Tribbiani,Rachel Green,7,0.24096385542168675
Joey Tribbiani,Rachel Green,8,0.2569444444444444
Joey Tribbiani,Rachel Green,9,0.19536423841059603
Joey Tribbiani,Rachel Green,10,0.2648401826484018
Joey Tribbiani,Receptionist,1,0.006153846153846154
Joey Tribbiani,Receptionist,6,0.0028653295128939827
Joey Tribbiani,Receptionist,9,0.006622516556291391
Joey Tribbiani,Richard Burke,2,0.010238907849829351
Joey Tribbiani,Richard Burke,3,0.005747126436781609
Joey Tribbiani,Richard Burke,7,0.018072289156626505
Joey Tribbiani,Rob,2,0.0034129692832764505
Joey Tribbiani,Robert Bobby,3,0.005747126436781609
Joey Tribbiani,Roger,1,0.006153846153846154
Joey Tribbiani,Ronni Rapalono,1,0.009230769230769232
Joey Tribbiani,Ross Geller,1,0.35384615384615387
Joey Tribbiani,Ross Geller,2,0.27303754266211605
Joey Tribbiani,Ross Geller,3,0.21264367816091953
Joey Tribbiani,Ross Geller,4,0.2314540059347181
Joey Tribbiani,Ross Geller,5,0.3279742765273312
Joey Tribbiani,Ross Geller,6,0.15759312320916904
Joey Tribbiani,Ross Geller,7,0.18072289156626506
Joey Tribbiani,Ross Geller,8,0.2048611111111111
Joey Tribbiani,Ross Geller,9,0.16225165562913907
Joey Tribbiani,Ross Geller,10,0.2191780821917808
Joey Tribbiani,Roy,2,0.0034129692832764505
Joey Tribbiani,Russ,2,0.0034129692832764505
Joey Tribbiani,Sandra Green,2,0.023890784982935155
Joey Tribbiani,Sandy,1,0.003076923076923077
Joey Tribbiani,Sandy,9,0.009933774834437087
Joey Tribbiani,Sarah,9,0.0033112582781456954
Joey Tribbiani,Sarah,10,0.0091324200913242
Joey Tribbiani,Sarah Tuttle,3,0.0028735632183908046
Joey Tribbiani,Stephanie Schiffer,2,0.006825938566552901
Joey Tribbiani,Stephen Waltham,4,0.008902077151335312
Joey Tribbiani,Stephen Waltham,5,0.003215434083601286
Joey Tribbiani,Steve,9,0.013245033112582781
Joey Tribbiani,Susan Bunch,1,0.003076923076923077
Joey Tribbiani,Susan Bunch,2,0.010238907849829351
Joey Tribbiani,Susan Bunch,3,0.0028735632183908046
Joey Tribbiani,Susie Moss,2,0.006825938566552901
Joey Tribbiani,Tag Jones,7,0.02710843373493976
Joey Tribbiani,Terry,2,0.0034129692832764505
Joey Tribbiani,Terry,7,0.006024096385542169
Joey Tribbiani,The Casting Director,5,0.00964630225080386
Joey Tribbiani,The Casting Director,7,0.006024096385542169
Joey Tribbiani,The Cooking Teacher,8,0.010416666666666666
Joey Tribbiani,The Director,3,0.020114942528735632
Joey Tribbiani,The Director,6,0.0028653295128939827
Joey Tribbiani,The Director,7,0.02710843373493976
Joey Tribbiani,The Doctor,4,0.002967359050445104
Joey Tribbiani,The Doctor,6,0.0028653295128939827
Joey Tribbiani,The Dry Cleaner,6,0.008595988538681949
Joey Tribbiani,The Interviewer,8,0.024305555555555556
Joey Tribbiani,The Salesman,4,0.008902077151335312
Joey Tribbiani,The Waiter,4,0.005934718100890208
Joey Tribbiani,The Waiter,7,0.0030120481927710845
Joey Tribbiani,The Woman,7,0.0030120481927710845
Joey Tribbiani,Timothy Burke,4,0.002967359050445104
Joey Tribbiani,Ursula,1,0.003076923076923077
Joey Tribbiani,Ursula Buffay,8,0.006944444444444444
Joey Tribbiani,Vince,3,0.0028735632183908046
Joey Tribbiani,Waiter,2,0.006825938566552901
Joey Tribbiani,Waiter,4,0.002967359050445104
Joey Tribbiani,Waiter,8,0.006944444444444444
Joey Tribbiani,Waiter,9,0.019867549668874173
Joey Tribbiani,Waiter,10,0.0091324200913242
Joey Tribbiani,Will Colbert,8,0.006944444444444444
Joey Tribbiani,Woman,1,0.003076923076923077
Joey Tribbiani,Woman,2,0.0034129692832764505
Joey Tribbiani,Woman,3,0.005747126436781609
Joey Tribbiani,Woman,4,0.005934718100890208
Joey Tribbiani,Woman,5,0.003215434083601286
Joey Tribbiani,Woman,6,0.017191977077363897
Joey Tribbiani,Woman,7,0.009036144578313253
Joey Tribbiani,Woman,8,0.013888888888888888
Joey Tribbiani,Woman,9,0.009933774834437087
Joey Tribbiani Sr.,Monica Geller,1,0.009230769230769232
Joey Tribbiani Sr.,Phoebe Buffay,1,0.006153846153846154
Joey Tribbiani Sr.,Rachel Green,1,0.006153846153846154
Joey Tribbiani Sr.,Roger,1,0.003076923076923077
Joey Tribbiani Sr.,Ronni Rapalono,1,0.006153846153846154
Joey Tribbiani Sr.,Ross Geller,1,0.003076923076923077
Joey's Hand Twin,Phoebe Buffay,5,0.003215434083601286
Joshua Burgin,Monica Geller,4,0.01483679525222552
Joshua Burgin,Phoebe Buffay,4,0.01483679525222552
Joshua Burgin,Rachel Green,4,0.04154302670623145
Joshua Burgin,Ross Geller,4,0.01483679525222552
Joshua Burgin,Stephen Waltham,4,0.008902077151335312
Judge,Rachel Green,6,0.0028653295128939827
Judge,Ross Geller,6,0.0028653295128939827
Judy Geller,Leonard Green,2,0.0034129692832764505
Judy Geller,Man,8,0.006944444444444444
Judy Geller,Minister,4,0.002967359050445104
Judy Geller,Minister,5,0.003215434083601286
Judy Geller,Monica Geller,1,0.012307692307692308
Judy Geller,Monica Geller,2,0.034129692832764506
Judy Geller,Monica Geller,4,0.026706231454005934
Judy Geller,Monica Geller,5,0.012861736334405145
Judy Geller,Monica Geller,6,0.008595988538681949
Judy Geller,Monica Geller,7,0.02710843373493976
Judy Geller,Monica Geller,8,0.006944444444444444
Judy Geller,Monica Geller,10,0.0091324200913242
Judy Geller,Nora Tyler Bing,7,0.009036144578313253
Judy Geller,Nurse Sizemore,1,0.003076923076923077
Judy Geller,Parker,8,0.006944444444444444
Judy Geller,Phoebe Buffay,1,0.006153846153846154
Judy Geller,Phoebe Buffay,2,0.006825938566552901
Judy Geller,Phoebe Buffay,4,0.017804154302670624
Judy Geller,Phoebe Buffay,5,0.003215434083601286
Judy Geller,Phoebe Buffay,6,0.0057306590257879654
Judy Geller,Phoebe Buffay,7,0.02108433734939759
Judy Geller,Phoebe Buffay,8,0.006944444444444444
Judy Geller,Phoebe Buffay,10,0.0091324200913242
Judy Geller,Rachel Green,1,0.006153846153846154
Judy Geller,Rachel Green,2,0.010238907849829351
Judy Geller,Rachel Green,3,0.0028735632183908046
Judy Geller,Rachel Green,4,0.011869436201780416
Judy Geller,Rachel Green,5,0.01607717041800643
Judy Geller,Rachel Green,6,0.008595988538681949
Judy Geller,Rachel Green,7,0.018072289156626505
Judy Geller,Rachel Green,8,0.013888888888888888
Judy Geller,Rachel Green,9,0.0033112582781456954
Judy Geller,Rachel Green,10,0.0091324200913242
Judy Geller,Richard Burke,2,0.010238907849829351
Judy Geller,Ross Geller,1,0.018461538461538463
Judy Geller,Ross Geller,2,0.030716723549488054
Judy Geller,Ross Geller,3,0.0028735632183908046
Judy Geller,Ross Geller,4,0.020771513353115726
Judy Geller,Ross Geller,5,0.01607717041800643
Judy Geller,Ross Geller,6,0.0057306590257879654
Judy Geller,Ross Geller,7,0.018072289156626505
Judy Geller,Ross Geller,8,0.013888888888888888
Judy Geller,Ross Geller,9,0.0033112582781456954
Judy Geller,Ross Geller,10,0.0091324200913242
Judy Geller,Roy,2,0.0034129692832764505
Judy Geller,Sandra Green,2,0.0034129692832764505
Judy Geller,Stephen Waltham,4,0.011869436201780416
Judy Geller,Stephen Waltham,5,0.003215434083601286
Judy Geller,Tag Jones,7,0.0030120481927710845
Judy Geller,The Doctor,5,0.003215434083601286
Judy Geller,Waiter,4,0.002967359050445104
Judy Geller,Woman,7,0.0030120481927710845
Judy Geller,Woman,8,0.006944444444444444
Julie,Man,1,0.003076923076923077
Julie,Monica Geller,2,0.023890784982935155
Julie,Phoebe Buffay,2,0.023890784982935155
Julie,Rachel Green,1,0.003076923076923077
Julie,Rachel Green,2,0.04778156996587031
Julie,Rachel Green,4,0.002967359050445104
Julie,Ross Geller,1,0.003076923076923077
Julie,Ross Geller,2,0.03754266211604096
Julie,Ross Geller,4,0.002967359050445104
Julie,Russ,2,0.0034129692832764505
Julio (poet),Man,3,0.0028735632183908046
Julio (poet),Monica Geller,3,0.005747126436781609
Kate Miller,Lauren,3,0.011494252873563218
Kate Miller,The Director,3,0.017241379310344827
Kate Miller,Woman,3,0.0028735632183908046
Kathy,Monica Geller,4,0.020771513353115726
Kathy,Phoebe Buffay,4,0.01483679525222552
Kathy,Phoebe Buffay,7,0.0030120481927710845
Kathy,Rachel Green,4,0.017804154302670624
Kathy,Rachel Green,7,0.0030120481927710845
Kathy,Ross Geller,4,0.02373887240356083
Kathy,Tag Jones,7,0.0030120481927710845
Kathy,Timothy Burke,4,0.002967359050445104
Katie,Monica Geller,5,0.003215434083601286
Katie,Phoebe Buffay,5,0.003215434083601286
Katie,Rachel Green,5,0.006430868167202572
Katie,Ross Geller,5,0.003215434083601286
Kim,Rachel Green,5,0.012861736334405145
Kim,Rachel Green,6,0.008595988538681949
Kristen Leigh,Ross Geller,7,0.006024096385542169
Kristen Leigh,The Woman,7,0.0030120481927710845
Larry,Monica Geller,5,0.003215434083601286
Larry,Phoebe Buffay,5,0.00964630225080386
Laura,Monica Geller,10,0.0091324200913242
Lauren,Monica Geller,3,0.0028735632183908046
Lauren,Monica Geller,8,0.003472222222222222
Lauren,Peter Becker,3,0.0028735632183908046
Lauren,Phoebe Buffay,8,0.003472222222222222
Lauren,Rachel Green,3,0.0028735632183908046
Lauren,Rachel Green,8,0.003472222222222222
Lauren,Ross Geller,3,0.0028735632183908046
Lauren,Ross Geller,8,0.003472222222222222
Lauren,The Director,3,0.008620689655172414
Lauren,The Interviewer,8,0.003472222222222222
Lauren,Woman,3,0.0028735632183908046
Lennart,Receptionist,9,0.006622516556291391
Leonard Green,Mona,8,0.010416666666666666
Leonard Green,Monica Geller,2,0.013651877133105802
Leonard Green,Nurse,10,0.0045662100456621
Leonard Green,Phoebe Buffay,2,0.010238907849829351
Leonard Green,Phoebe Buffay,8,0.010416666666666666
Leonard Green,Rachel Green,2,0.010238907849829351
Leonard Green,Rachel Green,3,0.008620689655172414
Leonard Green,Rachel Green,8,0.010416666666666666
Leonard Green,Rachel Green,10,0.0045662100456621
Leonard Green,Ross Geller,2,0.010238907849829351
Leonard Green,Ross Geller,3,0.008620689655172414
Leonard Green,Ross Geller,8,0.010416666666666666
Leonard Green,Ross Geller,10,0.0045662100456621
Leonard Green,Sandra Green,2,0.013651877133105802
Leonard Green,Waiter,8,0.003472222222222222
Leslie,Monica Geller,1,0.003076923076923077
Leslie,Monica Geller,3,0.0028735632183908046
Leslie,Phoebe Buffay,1,0.003076923076923077
Leslie,Phoebe Buffay,3,0.011494252873563218
Leslie,Rachel Green,1,0.006153846153846154
Leslie,Ross Geller,1,0.003076923076923077
Little Bully,Ross Geller,2,0.013651877133105802
Lizzy,Phoebe Buffay,1,0.006153846153846154
Luisa Gianetti,Monica Geller,1,0.003076923076923077
Luisa Gianetti,Mr. Heckles,1,0.003076923076923077
Luisa Gianetti,Phoebe Buffay,1,0.006153846153846154
Luisa Gianetti,Rachel Green,1,0.006153846153846154
Luisa Gianetti,Ross Geller,1,0.006153846153846154
Lydia,Monica Geller,1,0.003076923076923077
Lydia,Nurse Sizemore,1,0.003076923076923077
Lydia,Ross Geller,6,0.0028653295128939827
Malcom,Phoebe Buffay,3,0.005747126436781609
Man,Mark Robinson,3,0.0028735632183908046
Man,Mark Robinson,10,0.0045662100456621
Man,Monica Geller,5,0.003215434083601286
Man,Monica Geller,8,0.010416666666666666
Man,Monica Geller,9,0.0033112582781456954
Man,Monica Geller,10,0.0045662100456621
Man,Parker,8,0.006944444444444444
Man,Phoebe Buffay,2,0.0034129692832764505
Man,Phoebe Buffay,5,0.003215434083601286
Man,Phoebe Buffay,7,0.0030120481927710845
Man,Phoebe Buffay,8,0.010416666666666666
Man,Phoebe Buffay,9,0.006622516556291391
Man,Phoebe Buffay,10,0.0091324200913242
Man,Rachel Green,1,0.006153846153846154
Man,Rachel Green,2,0.0034129692832764505
Man,Rachel Green,3,0.005747126436781609
Man,Rachel Green,5,0.003215434083601286
Man,Rachel Green,7,0.0030120481927710845
Man,Rachel Green,8,0.013888888888888888
Man,Rachel Green,10,0.0091324200913242
Man,Ross Geller,1,0.006153846153846154
Man,Ross Geller,2,0.0034129692832764505
Man,Ross Geller,3,0.005747126436781609
Man,Ross Geller,5,0.003215434083601286
Man,Ross Geller,8,0.013888888888888888
Man,Ross Geller,10,0.0091324200913242
Man,Roy,10,0.0045662100456621
Man,Tag Jones,7,0.0030120481927710845
Man,Tommy,3,0.0028735632183908046
Man,Woman,8,0.013888888888888888
Margha,Monica Geller,3,0.005747126436781609
Margha,Phoebe Buffay,3,0.005747126436781609
Margha,Rachel Green,3,0.005747126436781609
Margha,Ross Geller,3,0.005747126436781609
Margha,Woman,3,0.0028735632183908046
Mark Robinson,Rachel Green,3,0.028735632183908046
Mark Robinson,Rachel Green,10,0.0045662100456621
Mark Robinson,Ross Geller,3,0.020114942528735632
Mark Robinson,Ross Geller,10,0.0045662100456621
Mark Robinson,Woman,3,0.0028735632183908046
Max,Monica Geller,1,0.009230769230769232
Max,Phoebe Buffay,1,0.012307692307692308
Max,Rachel Green,1,0.009230769230769232
Max,Ross Geller,1,0.009230769230769232
Max,Sandy,1,0.003076923076923077
Megan Bailey,Monica Geller,7,0.006024096385542169
Megan Bailey,Phoebe Buffay,7,0.006024096385542169
Megan Bailey,Rachel Green,7,0.006024096385542169
Megan Bailey,The Woman,7,0.0030120481927710845
Megan Bailey,Woman,7,0.0030120481927710845
Melissa Warburton,Monica Geller,7,0.0030120481927710845
Melissa Warburton,Phoebe Buffay,7,0.009036144578313253
Melissa Warburton,Rachel Green,7,0.015060240963855422
Melissa Warburton,Ross Geller,7,0.0030120481927710845
Melissa Warburton,Tag Jones,7,0.0030120481927710845
Melissa Warburton,Woman,7,0.0030120481927710845
Michael,Rachel Green,2,0.006825938566552901
Michael,Waiter,2,0.0034129692832764505
Michelle,Rachel Green,9,0.006622516556291391
Michelle,Ross Geller,9,0.009933774834437087
Michelle,Woman,9,0.0033112582781456954
Mike Hannigan,Molly,9,0.0033112582781456954
Mike Hannigan,Monica Geller,9,0.04966887417218543
Mike Hannigan,Monica Geller,10,0.045662100456621
Mike Hannigan,Phoebe Buffay,9,0.10927152317880795
Mike Hannigan,Phoebe Buffay,10,0.1004566210045662
Mike Hannigan,Precious,10,0.0045662100456621
Mike Hannigan,Rachel Green,9,0.013245033112582781
Mike Hannigan,Rachel Green,10,0.0365296803652968
Mike Hannigan,Ross Geller,9,0.03642384105960265
Mike Hannigan,Ross Geller,10,0.0410958904109589
Mike Hannigan,Woman,10,0.0045662100456621
Mindy Hunter,Rachel Green,1,0.006153846153846154
Mindy Hunter,Rachel Green,2,0.0034129692832764505
Mindy Hunter,Ross Geller,2,0.0034129692832764505
Minister,Monica Geller,4,0.002967359050445104
Minister,Phoebe Buffay,2,0.0034129692832764505
Minister,Phoebe Buffay,4,0.002967359050445104
Minister,Rachel Green,4,0.002967359050445104
Minister,Rachel Green,5,0.003215434083601286
Minister,Ross Geller,2,0.0034129692832764505
Minister,Ross Geller,4,0.002967359050445104
Minister,Ross Geller,5,0.003215434083601286
Minister,Stephen Waltham,4,0.002967359050445104
Mischa,Monica Geller,3,0.005747126436781609
Mischa,Phoebe Buffay,3,0.008620689655172414
Molly,Monica Geller,9,0.006622516556291391
Molly,Phoebe Buffay,9,0.0033112582781456954
Molly,Rachel Green,9,0.013245033112582781
Molly,Ross Geller,9,0.013245033112582781
Molly,Woman,9,0.0033112582781456954
Mona,Monica Geller,8,0.017361111111111112
Mona,Nora Tyler Bing,8,0.003472222222222222
Mona,Phoebe Buffay,8,0.017361111111111112
Mona,Rachel Green,8,0.020833333333333332
Mona,Ross Geller,8,0.06944444444444445
Mona,Ursula Buffay,8,0.006944444444444444
Mona,Waiter,8,0.003472222222222222
Mona,Woman,8,0.003472222222222222
Monica Geller,Mr. Heckles,1,0.009230769230769232
Monica Geller,Mr. Heckles,2,0.0034129692832764505
Monica Geller,Mr. Heckles,3,0.0028735632183908046
Monica Geller,Mr. Ratstatter,2,0.010238907849829351
Monica Geller,Mr. Treeger,2,0.010238907849829351
Monica Geller,Mr. Treeger,4,0.005934718100890208
Monica Geller,Nora Tyler Bing,1,0.006153846153846154
Monica Geller,Nora Tyler Bing,7,0.009036144578313253
Monica Geller,Nora Tyler Bing,8,0.003472222222222222
Monica Geller,Nurse,4,0.002967359050445104
Monica Geller,Nurse,5,0.003215434083601286
Monica Geller,Nurse,8,0.003472222222222222
Monica Geller,Nurse,9,0.0033112582781456954
Monica Geller,Nurse,10,0.0091324200913242
Monica Geller,Nurse Sizemore,1,0.015384615384615385
Monica Geller,Paolo,1,0.018461538461538463
Monica Geller,Parker,8,0.010416666666666666
Monica Geller,Paul Stevens,6,0.0057306590257879654
Monica Geller,Paul the Wine Guy,1,0.012307692307692308
Monica Geller,Peter Becker,3,0.04885057471264368
Monica Geller,Phoebe Abbott,4,0.002967359050445104
Monica Geller,Phoebe Buffay,1,0.3569230769230769
Monica Geller,Phoebe Buffay,2,0.30716723549488056
Monica Geller,Phoebe Buffay,3,0.27011494252873564
Monica Geller,Phoebe Buffay,4,0.2789317507418398
Monica Geller,Phoebe Buffay,5,0.2797427652733119
Monica Geller,Phoebe Buffay,6,0.20916905444126074
Monica Geller,Phoebe Buffay,7,0.25
Monica Geller,Phoebe Buffay,8,0.2326388888888889
Monica Geller,Phoebe Buffay,9,0.1986754966887417
Monica Geller,Phoebe Buffay,10,0.2557077625570776
Monica Geller,Rachel Green,1,0.40923076923076923
Monica Geller,Rachel Green,2,0.34812286689419797
Monica Geller,Rachel Green,3,0.22988505747126436
Monica Geller,Rachel Green,4,0.29376854599406527
Monica Geller,Rachel Green,5,0.3215434083601286
Monica Geller,Rachel Green,6,0.21203438395415472
Monica Geller,Rachel Green,7,0.1686746987951807
Monica Geller,Rachel Green,8,0.1840277777777778
Monica Geller,Rachel Green,9,0.17549668874172186
Monica Geller,Rachel Green,10,0.2146118721461187
Monica Geller,Receptionist,9,0.0033112582781456954
Monica Geller,Richard Burke,2,0.08191126279863481
Monica Geller,Richard Burke,3,0.02586206896551724
Monica Geller,Richard Burke,6,0.017191977077363897
Monica Geller,Rob,2,0.010238907849829351
Monica Geller,Roger,1,0.006153846153846154
Monica Geller,Roger,8,0.003472222222222222
Monica Geller,Ronni Rapalono,1,0.003076923076923077
Monica Geller,Ross Geller,1,0.3230769230769231
Monica Geller,Ross Geller,2,0.32081911262798635
Monica Geller,Ross Geller,3,0.22126436781609196
Monica Geller,Ross Geller,4,0.2195845697329377
Monica Geller,Ross Geller,5,0.2508038585209003
Monica Geller,Ross Geller,6,0.1833810888252149
Monica Geller,Ross Geller,7,0.18072289156626506
Monica Geller,Ross Geller,8,0.14930555555555555
Monica Geller,Ross Geller,9,0.1357615894039735
Monica Geller,Ross Geller,10,0.2054794520547945
Monica Geller,Roy,2,0.0034129692832764505
Monica Geller,Roy,10,0.0045662100456621
Monica Geller,Russ,2,0.006825938566552901
Monica Geller,Sandra Green,2,0.027303754266211604
Monica Geller,Sandra Green,8,0.017361111111111112
Monica Geller,Sandy,1,0.003076923076923077
Monica Geller,Stephanie Schiffer,2,0.006825938566552901
Monica Geller,Stephen Waltham,4,0.011869436201780416
Monica Geller,Stephen Waltham,5,0.006430868167202572
Monica Geller,Steve,9,0.006622516556291391
Monica Geller,Steve (drug addict),1,0.003076923076923077
Monica Geller,Susan Bunch,1,0.006153846153846154
Monica Geller,Susan Bunch,2,0.013651877133105802
Monica Geller,Susan Bunch,3,0.005747126436781609
Monica Geller,Susie Moss,2,0.0034129692832764505
Monica Geller,Tag Jones,7,0.02108433734939759
Monica Geller,Teacher,1,0.006153846153846154
Monica Geller,Terry,2,0.0034129692832764505
Monica Geller,The Cooking Teacher,8,0.010416666666666666
Monica Geller,The Director,3,0.0028735632183908046
Monica Geller,The Doctor,5,0.006430868167202572
Monica Geller,The Interviewer,8,0.010416666666666666
Monica Geller,The Salesman,4,0.002967359050445104
Monica Geller,The Teacher,5,0.003215434083601286
Monica Geller,The Waiter,4,0.005934718100890208
Monica Geller,The Woman,7,0.009036144578313253
Monica Geller,Ticket Agent,8,0.003472222222222222
Monica Geller,Tim,8,0.006944444444444444
Monica Geller,Timothy Burke,4,0.008902077151335312
Monica Geller,Tom,5,0.003215434083601286
Monica Geller,Tom,9,0.0033112582781456954
Monica Geller,Tommy,3,0.0028735632183908046
Monica Geller,Ursula,1,0.003076923076923077
Monica Geller,Ursula Buffay,8,0.006944444444444444
Monica Geller,Vince,3,0.0028735632183908046
Monica Geller,Waiter,2,0.006825938566552901
Monica Geller,Waiter,4,0.002967359050445104
Monica Geller,Waiter,8,0.003472222222222222
Monica Geller,Waiter,9,0.0033112582781456954
Monica Geller,Will Colbert,8,0.006944444444444444
Monica Geller,Woman,1,0.003076923076923077
Monica Geller,Woman,2,0.0034129692832764505
Monica Geller,Woman,3,0.0028735632183908046
Monica Geller,Woman,4,0.002967359050445104
Monica Geller,Woman,6,0.0057306590257879654
Monica Geller,Woman,7,0.015060240963855422
Monica Geller,Woman,8,0.020833333333333332
Monica Geller,Woman,9,0.0033112582781456954
Monica Geller,Zack,9,0.009933774834437087
Mr. Douglas,Nina Bookbinder,1,0.003076923076923077
Mr. Heckles,Phoebe Buffay,1,0.012307692307692308
Mr. Heckles,Phoebe Buffay,2,0.0034129692832764505
Mr. Heckles,Phoebe Buffay,3,0.0028735632183908046
Mr. Heckles,Rachel Green,1,0.015384615384615385
Mr. Heckles,Rachel Green,2,0.0034129692832764505
Mr. Heckles,Ross Geller,1,0.006153846153846154
Mr. Heckles,Ross Geller,2,0.0034129692832764505
Mr. Heckles,Ross Geller,3,0.0028735632183908046
Mr. Thompson,Phoebe Buffay,6,0.008595988538681949
Mr. Thompson,Rachel Green,6,0.008595988538681949
Mr. Treeger,Phoebe Buffay,2,0.0034129692832764505
Mr. Treeger,Phoebe Buffay,4,0.002967359050445104
Mr. Treeger,Phoebe Buffay,8,0.006944444444444444
Mr. Treeger,Rachel Green,2,0.010238907849829351
Mr. Treeger,Rachel Green,4,0.005934718100890208
Mr. Treeger,Ross Geller,2,0.006825938566552901
Mr. Treeger,Ross Geller,4,0.002967359050445104
Mr. Treeger,Ross Geller,8,0.003472222222222222
Mr. Zelner,Rachel Green,5,0.006430868167202572
Mr. Zelner,Rachel Green,7,0.0030120481927710845
Mr. Zelner,Rachel Green,8,0.003472222222222222
Mr. Zelner,Rachel Green,9,0.006622516556291391
Mr. Zelner,Rachel Green,10,0.0045662100456621
Mr. Zelner,Ross Geller,9,0.0033112582781456954
Mr. Zelner,Ross Geller,10,0.0091324200913242
Mr. Zelner,Tag Jones,7,0.0030120481927710845
Nora Tyler Bing,Paolo,1,0.003076923076923077
Nora Tyler Bing,Phoebe Buffay,1,0.006153846153846154
Nora Tyler Bing,Phoebe Buffay,7,0.009036144578313253
Nora Tyler Bing,Phoebe Buffay,8,0.003472222222222222
Nora Tyler Bing,Rachel Green,1,0.006153846153846154
Nora Tyler Bing,Rachel Green,7,0.006024096385542169
Nora Tyler Bing,Rachel Green,8,0.003472222222222222
Nora Tyler Bing,Ross Geller,1,0.009230769230769232
Nora Tyler Bing,Ross Geller,7,0.009036144578313253
Nora Tyler Bing,Ross Geller,8,0.003472222222222222
Nora Tyler Bing,Waiter,8,0.003472222222222222
Nora Tyler Bing,Woman,7,0.0030120481927710845
Nora Tyler Bing,Woman,8,0.003472222222222222
Nurse,Phoebe Buffay,5,0.003215434083601286
Nurse,Phoebe Buffay,8,0.006944444444444444
Nurse,Rachel Green,4,0.002967359050445104
Nurse,Rachel Green,5,0.003215434083601286
Nurse,Rachel Green,6,0.0028653295128939827
Nurse,Rachel Green,8,0.013888888888888888
Nurse,Rachel Green,9,0.006622516556291391
Nurse,Rachel Green,10,0.0045662100456621
Nurse,Receptionist,9,0.0033112582781456954
Nurse,Ross Geller,5,0.003215434083601286
Nurse,Ross Geller,8,0.010416666666666666
Nurse,Ross Geller,9,0.006622516556291391
Nurse,Ross Geller,10,0.0045662100456621
Nurse,Timothy Burke,4,0.002967359050445104
Nurse,Woman,8,0.003472222222222222
Nurse,Woman,9,0.0033112582781456954
Nurse Sizemore,Phoebe Buffay,1,0.003076923076923077
Nurse Sizemore,Rachel Green,1,0.012307692307692308
Nurse Sizemore,Ross Geller,1,0.009230769230769232
Nurse Sizemore,Susan Bunch,1,0.003076923076923077
Paolo,Phoebe Buffay,1,0.018461538461538463
Paolo,Rachel Green,1,0.018461538461538463
Paolo,Ross Geller,1,0.018461538461538463
Parker,Phoebe Buffay,8,0.013888888888888888
Parker,Rachel Green,8,0.010416666666666666
Parker,Ross Geller,8,0.010416666666666666
Parker,Woman,8,0.006944444444444444
Paul Stevens,Phoebe Buffay,6,0.008595988538681949
Paul Stevens,Rachel Green,6,0.04011461318051576
Paul Stevens,Ross Geller,6,0.02865329512893983
Paul the Wine Guy,Phoebe Buffay,1,0.003076923076923077
Paul the Wine Guy,Rachel Green,1,0.006153846153846154
Paul the Wine Guy,Ross Geller,1,0.003076923076923077
Peter Becker,Phoebe Buffay,3,0.011494252873563218
Peter Becker,Rachel Green,3,0.011494252873563218
Peter Becker,Ross Geller,3,0.014367816091954023
Peter Becker,The Director,3,0.0028735632183908046
Phoebe Abbott,Phoebe Buffay,3,0.005747126436781609
Phoebe Abbott,Phoebe Buffay,4,0.011869436201780416
Phoebe Abbott,Rachel Green,4,0.002967359050445104
Phoebe Buffay,Precious,10,0.0091324200913242
Phoebe Buffay,Rachel Green,1,0.35384615384615387
Phoebe Buffay,Rachel Green,2,0.33447098976109213
Phoebe Buffay,Rachel Green,3,0.21551724137931033
Phoebe Buffay,Rachel Green,4,0.24629080118694363
Phoebe Buffay,Rachel Green,5,0.2508038585209003
Phoebe Buffay,Rachel Green,6,0.2664756446991404
Phoebe Buffay,Rachel Green,7,0.24397590361445784
Phoebe Buffay,Rachel Green,8,0.2013888888888889
Phoebe Buffay,Rachel Green,9,0.16225165562913907
Phoebe Buffay,Rachel Green,10,0.2511415525114155
Phoebe Buffay,Receptionist,9,0.009933774834437087
Phoebe Buffay,Richard Burke,2,0.027303754266211604
Phoebe Buffay,Richard Burke,3,0.005747126436781609
Phoebe Buffay,Rob,2,0.013651877133105802
Phoebe Buffay,Robert Bobby,3,0.011494252873563218
Phoebe Buffay,Roger,1,0.009230769230769232
Phoebe Buffay,Roger,8,0.003472222222222222
Phoebe Buffay,Ross Geller,1,0.32
Phoebe Buffay,Ross Geller,2,0.2832764505119454
Phoebe Buffay,Ross Geller,3,0.21551724137931033
Phoebe Buffay,Ross Geller,4,0.18694362017804153
Phoebe Buffay,Ross Geller,5,0.24437299035369775
Phoebe Buffay,Ross Geller,6,0.18624641833810887
Phoebe Buffay,Ross Geller,7,0.1897590361445783
Phoebe Buffay,Ross Geller,8,0.1701388888888889
Phoebe Buffay,Ross Geller,9,0.1456953642384106
Phoebe Buffay,Ross Geller,10,0.2237442922374429
Phoebe Buffay,Roy,2,0.0034129692832764505
Phoebe Buffay,Roy,10,0.0091324200913242
Phoebe Buffay,Russ,2,0.013651877133105802
Phoebe Buffay,Ryan,2,0.013651877133105802
Phoebe Buffay,Sandra Green,2,0.023890784982935155
Phoebe Buffay,Sandra Green,8,0.017361111111111112
Phoebe Buffay,Sandy,1,0.003076923076923077
Phoebe Buffay,Sarah,9,0.0033112582781456954
Phoebe Buffay,Stephanie Schiffer,2,0.006825938566552901
Phoebe Buffay,Stephen Waltham,4,0.005934718100890208
Phoebe Buffay,Stephen Waltham,5,0.003215434083601286
Phoebe Buffay,Steve,9,0.006622516556291391
Phoebe Buffay,Steve (drug addict),1,0.006153846153846154
Phoebe Buffay,Steve Cera,5,0.00964630225080386
Phoebe Buffay,Susan Bunch,1,0.021538461538461538
Phoebe Buffay,Susan Bunch,2,0.006825938566552901
Phoebe Buffay,Susie Moss,2,0.0034129692832764505
Phoebe Buffay,Tag Jones,7,0.024096385542168676
Phoebe Buffay,Tag Jones,8,0.006944444444444444
Phoebe Buffay,Teacher,1,0.003076923076923077
Phoebe Buffay,Terry,2,0.006825938566552901
Phoebe Buffay,The Doctor,4,0.002967359050445104
Phoebe Buffay,The Dry Cleaner,6,0.0057306590257879654
Phoebe Buffay,The Interviewer,8,0.013888888888888888
Phoebe Buffay,The Teacher,5,0.006430868167202572
Phoebe Buffay,The Teacher,8,0.003472222222222222
Phoebe Buffay,The Waiter,7,0.0030120481927710845
Phoebe Buffay,The Woman,7,0.0030120481927710845
Phoebe Buffay,Ticket Agent,10,0.0045662100456621
Phoebe Buffay,Tim,8,0.010416666666666666
Phoebe Buffay,Timothy Burke,4,0.002967359050445104
Phoebe Buffay,Tom,7,0.0030120481927710845
Phoebe Buffay,Tommy,3,0.0028735632183908046
Phoebe Buffay,Trudie Styler,8,0.003472222222222222
Phoebe Buffay,Ursula,1,0.006153846153846154
Phoebe Buffay,Ursula Buffay,4,0.002967359050445104
Phoebe Buffay,Ursula Buffay,5,0.003215434083601286
Phoebe Buffay,Ursula Buffay,6,0.0028653295128939827
Phoebe Buffay,Ursula Buffay,7,0.0030120481927710845
Phoebe Buffay,Ursula Buffay,8,0.010416666666666666
Phoebe Buffay,Vince,3,0.008620689655172414
Phoebe Buffay,Waiter,2,0.0034129692832764505
Phoebe Buffay,Waiter,8,0.006944444444444444
Phoebe Buffay,Waiter,9,0.013245033112582781
Phoebe Buffay,Will Colbert,8,0.006944444444444444
Phoebe Buffay,Woman,1,0.003076923076923077
Phoebe Buffay,Woman,2,0.0034129692832764505
Phoebe Buffay,Woman,3,0.0028735632183908046
Phoebe Buffay,Woman,4,0.002967359050445104
Phoebe Buffay,Woman,5,0.003215434083601286
Phoebe Buffay,Woman,6,0.008595988538681949
Phoebe Buffay,Woman,7,0.018072289156626505
Phoebe Buffay,Woman,8,0.013888888888888888
Phoebe Buffay,Woman,9,0.0033112582781456954
Phoebe Buffay,Woman,10,0.0045662100456621
Phoebe Buffay,Zack,9,0.0033112582781456954
Policeman,Rachel Green,7,0.006024096385542169
Policeman,Ross Geller,7,0.006024096385542169
Rachel Green,Receptionist,9,0.006622516556291391
Rachel Green,Richard Burke,2,0.030716723549488054
Rachel Green,Richard Burke,3,0.008620689655172414
Rachel Green,Rob,2,0.010238907849829351
Rachel Green,Robert Bobby,3,0.0028735632183908046
Rachel Green,Roger,1,0.006153846153846154
Rachel Green,Roger,8,0.003472222222222222
Rachel Green,Ronni Rapalono,1,0.003076923076923077
Rachel Green,Ross Geller,1,0.3476923076923077
Rachel Green,Ross Geller,2,0.36860068259385664
Rachel Green,Ross Geller,3,0.3045977011494253
Rachel Green,Ross Geller,4,0.24925816023738873
Rachel Green,Ross Geller,5,0.2990353697749196
Rachel Green,Ross Geller,6,0.2607449856733524
Rachel Green,Ross Geller,7,0.1686746987951807
Rachel Green,Ross Geller,8,0.28125
Rachel Green,Ross Geller,9,0.20198675496688742
Rachel Green,Ross Geller,10,0.3105022831050228
Rachel Green,Roy,2,0.0034129692832764505
Rachel Green,Roy,10,0.0091324200913242
Rachel Green,Russ,2,0.010238907849829351
Rachel Green,Russell,6,0.0028653295128939827
Rachel Green,Ryan,2,0.010238907849829351
Rachel Green,Sandra Green,2,0.023890784982935155
Rachel Green,Sandra Green,8,0.017361111111111112
Rachel Green,Sandy,1,0.003076923076923077
Rachel Green,Sandy,9,0.013245033112582781
Rachel Green,Sarah,9,0.0033112582781456954
Rachel Green,Sophie,3,0.011494252873563218
Rachel Green,Sophie,4,0.008902077151335312
Rachel Green,Stephanie Schiffer,2,0.0034129692832764505
Rachel Green,Stephen Waltham,4,0.02373887240356083
Rachel Green,Stephen Waltham,5,0.006430868167202572
Rachel Green,Steve,9,0.013245033112582781
Rachel Green,Steve (drug addict),1,0.003076923076923077
Rachel Green,Susan Bunch,1,0.009230769230769232
Rachel Green,Susan Bunch,2,0.006825938566552901
Rachel Green,Susan Bunch,3,0.0028735632183908046
Rachel Green,Susie Moss,2,0.0034129692832764505
Rachel Green,Tag Jones,7,0.06927710843373494
Rachel Green,Tag Jones,8,0.006944444444444444
Rachel Green,Teacher,1,0.003076923076923077
Rachel Green,Terry,1,0.003076923076923077
Rachel Green,Terry,2,0.006825938566552901
Rachel Green,The Director,3,0.0028735632183908046
Rachel Green,The Doctor,4,0.002967359050445104
Rachel Green,The Doctor,5,0.006430868167202572
Rachel Green,The Interviewer,8,0.013888888888888888
Rachel Green,The Salesman,5,0.003215434083601286
Rachel Green,The Teacher,5,0.006430868167202572
Rachel Green,The Woman,7,0.006024096385542169
Rachel Green,Ticket Agent,4,0.005934718100890208
Rachel Green,Timothy Burke,4,0.005934718100890208
Rachel Green,Tom,5,0.003215434083601286
Rachel Green,Tom,7,0.0030120481927710845
Rachel Green,Tommy,3,0.008620689655172414
Rachel Green,Ursula,1,0.003076923076923077
Rachel Green,Ursula Buffay,8,0.006944444444444444
Rachel Green,Vince,3,0.0028735632183908046
Rachel Green,Waiter,2,0.006825938566552901
Rachel Green,Waiter,8,0.010416666666666666
Rachel Green,Waiter,9,0.009933774834437087
Rachel Green,Will Colbert,8,0.006944444444444444
Rachel Green,Woman,1,0.009230769230769232
Rachel Green,Woman,2,0.0034129692832764505
Rachel Green,Woman,3,0.005747126436781609
Rachel Green,Woman,4,0.005934718100890208
Rachel Green,Woman,6,0.011461318051575931
Rachel Green,Woman,7,0.015060240963855422
Rachel Green,Woman,8,0.027777777777777776
Rachel Green,Woman,9,0.0033112582781456954
Rachel Green,Zack,9,0.0033112582781456954
Receptionist,Ross Geller,1,0.006153846153846154
Receptionist,Ross Geller,9,0.013245033112582781
Receptionist,Woman,9,0.0033112582781456954
Richard Burke,Ross Geller,2,0.04436860068259386
Richard Burke,Ross Geller,3,0.005747126436781609
Richard Burke,The Director,7,0.015060240963855422
Rob,Ross Geller,2,0.006825938566552901
Robert Bobby,Ross Geller,3,0.011494252873563218
Roger,Ross Geller,1,0.006153846153846154
Roger,Ross Geller,8,0.003472222222222222
Ross Geller,Roy,2,0.0034129692832764505
Ross Geller,Russ,2,0.006825938566552901
Ross Geller,Russell,6,0.0028653295128939827
Ross Geller,Ryan,2,0.010238907849829351
Ross Geller,Sandra Green,2,0.023890784982935155
Ross Geller,Sandra Green,8,0.006944444444444444
Ross Geller,Sandy,1,0.003076923076923077
Ross Geller,Sandy,9,0.016556291390728478
Ross Geller,Sarah,6,0.0028653295128939827
Ross Geller,Sarah,9,0.0033112582781456954
Ross Geller,Sarah Tuttle,3,0.008620689655172414
Ross Geller,Sophie,3,0.0028735632183908046
Ross Geller,Stephanie Schiffer,2,0.006825938566552901
Ross Geller,Stephen Waltham,4,0.017804154302670624
Ross Geller,Stephen Waltham,5,0.006430868167202572
Ross Geller,Steve,9,0.009933774834437087
Ross Geller,Steve Cera,5,0.00964630225080386
Ross Geller,Susan Bunch,1,0.05846153846153846
Ross Geller,Susan Bunch,2,0.027303754266211604
Ross Geller,Susan Bunch,3,0.005747126436781609
Ross Geller,Susan Bunch,4,0.005934718100890208
Ross Geller,Susan Bunch,6,0.0028653295128939827
Ross Geller,Susie Moss,2,0.006825938566552901
Ross Geller,Tag Jones,7,0.02108433734939759
Ross Geller,Tag Jones,8,0.003472222222222222
Ross Geller,Teacher,1,0.009230769230769232
Ross Geller,Terry,2,0.0034129692832764505
Ross Geller,The Casting Director,5,0.006430868167202572
Ross Geller,The Director,3,0.0028735632183908046
Ross Geller,The Doctor,4,0.002967359050445104
Ross Geller,The Doctor,5,0.003215434083601286
Ross Geller,The Interviewer,8,0.020833333333333332
Ross Geller,The Salesman,4,0.002967359050445104
Ross Geller,The Salesman,5,0.003215434083601286
Ross Geller,The Woman,7,0.006024096385542169
Ross Geller,Ticket Agent,4,0.002967359050445104
Ross Geller,Ticket Agent,10,0.0045662100456621
Ross Geller,Timothy Burke,4,0.002967359050445104
Ross Geller,Tom,9,0.0033112582781456954
Ross Geller,Tommy,3,0.008620689655172414
Ross Geller,Ursula,1,0.003076923076923077
Ross Geller,Ursula Buffay,8,0.006944444444444444
Ross Geller,Vince,3,0.0028735632183908046
Ross Geller,Waiter,2,0.0034129692832764505
Ross Geller,Waiter,4,0.002967359050445104
Ross Geller,Waiter,8,0.003472222222222222
Ross Geller,Waiter,9,0.013245033112582781
Ross Geller,Will Colbert,8,0.006944444444444444
Ross Geller,Woman,1,0.012307692307692308
Ross Geller,Woman,2,0.0034129692832764505
Ross Geller,Woman,3,0.008620689655172414
Ross Geller,Woman,4,0.005934718100890208
Ross Geller,Woman,5,0.003215434083601286
Ross Geller,Woman,6,0.008595988538681949
Ross Geller,Woman,7,0.015060240963855422
Ross Geller,Woman,8,0.024305555555555556
Ross Geller,Woman,9,0.016556291390728478
Sandra Green,Woman,2,0.0034129692832764505
Sandra Green,Woman,8,0.003472222222222222
Sarah,Waiter,10,0.0091324200913242
Sarah,Woman,9,0.0033112582781456954
Stephanie Schiffer,Terry,2,0.0034129692832764505
Steve,Waiter,9,0.0033112582781456954
Susan Bunch,Teacher,1,0.009230769230769232
Susan Bunch,Woman,1,0.003076923076923077
Teacher,Woman,1,0.006153846153846154
Terry,The Director,7,0.0030120481927710845
The Casting Director,The Director,7,0.0030120481927710845
The Director,Woman,3,0.0028735632183908046
The Interviewer,Woman,8,0.003472222222222222
Ticket Agent,Woman,8,0.003472222222222222
Waiter,Woman,8,0.003472222222222222
